"Id","Path","Slice Name","Alias(s)","Label","Min","Max","Must Support?","Is Modifier?","Is Summary?","Type(s)","Short","Definition","Comments","Requirements","Default Value","Meaning When Missing","Fixed Value","Pattern","Example","Minimum Value","Maximum Value","Maximum Length","Binding Strength","Binding Description","Binding Value Set","Code","Slicing Discriminator","Slicing Description","Slicing Ordered","Slicing Rules","Base Path","Base Min","Base Max","Condition(s)","Constraint(s)","Mapping: Workflow Pattern","Mapping: FiveWs Pattern Mapping","Mapping: Object Implementation Information","Mapping: RIM Mapping"
"PlanDefinition","PlanDefinition","","","",0,*,"","","","null {[]} {[]}
","The definition of a plan for a series of actions, independent of any specific patient or context","This resource allows for the definition of various types of plans as a sharable, consumable, and executable artifact. The resource is general enough to support the description of a broad range of clinical artifacts such as clinical decision support rules, order sets and protocols.","","","","","","","","","",,,,,"",,,,"PlanDefinition",0,*,"","dom-2:If the resource is contained in another resource, it SHALL NOT contain nested Resources {contained.contained.empty()}
dom-3:If the resource is contained in another resource, it SHALL be referred to from elsewhere in the resource or SHALL refer to the containing resource {contained.where((('#'+id in (%resource.descendants().reference | %resource.descendants().as(canonical) | %resource.descendants().as(uri) | %resource.descendants().as(url))) or descendants().where(reference = '#').exists() or descendants().where(as(canonical) = '#').exists() or descendants().where(as(canonical) = '#').exists()).not()).trace('unmatched', id).empty()}dom-4:If a resource is contained in another resource, it SHALL NOT have a meta.versionId or a meta.lastUpdated {contained.meta.versionId.empty() and contained.meta.lastUpdated.empty()}dom-5:If a resource is contained in another resource, it SHALL NOT have a security label {contained.meta.security.empty()}dom-6:A resource should have narrative for robust management {text.`div`.exists()}pdf-0:Name should be usable as an identifier for the module by machine processing applications such as code generation {name.matches('[A-Z]([A-Za-z0-9_]){0,254}')}","Definition","Entity. Role, or Act"
"PlanDefinition.id","PlanDefinition.id","","","",0,1,"","","Y","id {[]} {[]}
","Logical id of this artifact","The logical id of the resource, as used in the URL for the resource. Once assigned, this value never changes.","The only time that a resource does not have an id is when it is being submitted to the server using a create operation.","","","","","","","","",,,,,"",,,,"Resource.id",0,1,"",""
"PlanDefinition.meta","PlanDefinition.meta","","","",0,1,"","","Y","Meta {[]} {[]}
","Metadata about the resource","The metadata about the resource. This is content that is maintained by the infrastructure. Changes to the content might not always be associated with version changes to the resource.","","","","","","","","","",,,,,"",,,,"Resource.meta",0,1,"","ele-1:All FHIR elements must have a @value or children {hasValue() or (children().count() > id.count())}
"
"PlanDefinition.implicitRules","PlanDefinition.implicitRules","","","",0,1,"","Y","Y","uri {[]} {[]}
","A set of rules under which this content was created","A reference to a set of rules that were followed when the resource was constructed, and which must be understood when processing the content. Often, this is a reference to an implementation guide that defines the special rules along with other profiles etc.","Asserting this rule set restricts the content to be only understood by a limited set of trading partners. This inherently limits the usefulness of the data in the long term. However, the existing health eco-system is highly fractured, and not yet ready to define, collect, and exchange data in a generally computable sense. Wherever possible, implementers and/or specification writers should avoid using this element. Often, when used, the URL is a reference to an implementation guide that defines these special rules as part of it's narrative along with other profiles, value sets, etc.","","","","","","","","",,,,,"",,,,"Resource.implicitRules",0,1,"","ele-1:All FHIR elements must have a @value or children {hasValue() or (children().count() > id.count())}
"
"PlanDefinition.language","PlanDefinition.language","","","",0,1,"","","","code {[]} {[]}
","Language of the resource content","The base language in which the resource is written.","Language is provided to support indexing and accessibility (typically, services such as text to speech use the language tag). The html language tag in the narrative applies  to the narrative. The language tag on the resource may be used to specify the language of other presentations generated from the data in the resource. Not all the content has to be in the base language. The Resource.language should not be assumed to apply to the narrative automatically. If a language is specified, it should it also be specified on the div element in the html (see rules in HTML5 for information about the relationship between xml:lang and the html lang attribute).","","","","","","","","",,"preferred","A human language.","http://hl7.org/fhir/ValueSet/languages","",,,,"Resource.language",0,1,"","ele-1:All FHIR elements must have a @value or children {hasValue() or (children().count() > id.count())}
"
"PlanDefinition.text","PlanDefinition.text","","narrative
htmlxhtmldisplay","",0,1,"","","","Narrative {[]} {[]}
","Text summary of the resource, for human interpretation","A human-readable narrative that contains a summary of the resource and can be used to represent the content of the resource to a human. The narrative need not encode all the structured data, but is required to contain sufficient detail to make it ""clinically safe"" for a human to just read the narrative. Resource definitions may define what content should be represented in the narrative to ensure clinical safety.","Contained resources do not have narrative. Resources that are not contained SHOULD have a narrative. In some cases, a resource may only have text with little or no additional discrete data (as long as all minOccurs=1 elements are satisfied).  This may be necessary for data from legacy systems where information is captured as a ""text blob"" or where text is additionally entered raw or narrated and encoded information is added later.","","","","","","","","",,,,,"",,,,"DomainResource.text",0,1,"","ele-1:All FHIR elements must have a @value or children {hasValue() or (children().count() > id.count())}
","Act.text?"
"PlanDefinition.contained","PlanDefinition.contained","","inline resources
anonymous resourcescontained resources","",0,*,"","","","Resource {[]} {[]}
","Contained, inline Resources","These resources do not have an independent existence apart from the resource that contains them - they cannot be identified independently, and nor can they have their own independent transaction scope.","This should never be done when the content can be identified properly, as once identification is lost, it is extremely difficult (and context dependent) to restore it again. Contained resources may have profiles and tags In their meta elements, but SHALL NOT have security labels.","","","","","","","","",,,,,"",,,,"DomainResource.contained",0,*,"","","N/A"
"PlanDefinition.extension","PlanDefinition.extension","","extensions
user content","",0,*,"","","","Extension {[]} {[]}
","Additional content defined by implementations","May be used to represent additional information that is not part of the basic definition of the resource. To make the use of extensions safe and manageable, there is a strict set of governance  applied to the definition and use of extensions. Though any implementer can define an extension, there is a set of requirements that SHALL be met as part of the definition of the extension.","There can be no stigma associated with the use of extensions by any application, project, or standard - regardless of the institution or jurisdiction that uses or defines the extensions.  The use of extensions is what allows the FHIR specification to retain a core level of simplicity for everyone.","","","","","","","","",,,,,"",,,,"DomainResource.extension",0,*,"","ele-1:All FHIR elements must have a @value or children {hasValue() or (children().count() > id.count())}
ext-1:Must have either extensions or value[x], not both {extension.exists() != value.exists()}","N/A"
"PlanDefinition.modifierExtension","PlanDefinition.modifierExtension","","extensions
user content","",0,*,"","Y","","Extension {[]} {[]}
","Extensions that cannot be ignored","May be used to represent additional information that is not part of the basic definition of the resource and that modifies the understanding of the element that contains it and/or the understanding of the containing element's descendants. Usually modifier elements provide negation or qualification. To make the use of extensions safe and manageable, there is a strict set of governance applied to the definition and use of extensions. Though any implementer is allowed to define an extension, there is a set of requirements that SHALL be met as part of the definition of the extension. Applications processing a resource are required to check for modifier extensions.

Modifier extensions SHALL NOT change the meaning of any elements on Resource or DomainResource (including cannot change the meaning of modifierExtension itself).","There can be no stigma associated with the use of extensions by any application, project, or standard - regardless of the institution or jurisdiction that uses or defines the extensions.  The use of extensions is what allows the FHIR specification to retain a core level of simplicity for everyone.","Modifier extensions allow for extensions that *cannot* be safely ignored to be clearly distinguished from the vast majority of extensions which can be safely ignored.  This promotes interoperability by eliminating the need for implementers to prohibit the presence of extensions. For further information, see the [definition of modifier extensions](http://hl7.org/fhir/R4/extensibility.html#modifierExtension).","","","","","","","",,,,,"",,,,"DomainResource.modifierExtension",0,*,"","ele-1:All FHIR elements must have a @value or children {hasValue() or (children().count() > id.count())}
ext-1:Must have either extensions or value[x], not both {extension.exists() != value.exists()}","N/A"
"PlanDefinition.url","PlanDefinition.url","","","",0,1,"","","Y","uri {[]} {[]}
","Canonical identifier for this plan definition, represented as a URI (globally unique)","An absolute URI that is used to identify this plan definition when it is referenced in a specification, model, design or an instance; also called its canonical identifier. This SHOULD be globally unique and SHOULD be a literal address at which at which an authoritative instance of this plan definition is (or will be) published. This URL can be the target of a canonical reference. It SHALL remain the same when the plan definition is stored on different servers.","Can be a urn:uuid: or a urn:oid: but real http: addresses are preferred.  Multiple instances may share the same URL if they have a distinct version.

The determination of when to create a new version of a resource (same url, new version) vs. defining a new artifact is up to the author.  Considerations for making this decision are found in [Technical and Business Versions](http://hl7.org/fhir/R4/resource.html#versions). 

In some cases, the resource can no longer be found at the stated url, but the url itself cannot change. Implementations can use the [meta.source](http://hl7.org/fhir/R4/resource.html#meta) element to indicate where the current master source of the resource can be found.","Allows the plan definition to be referenced by a single globally unique identifier.","","","","","","","",,,,,"",,,,"PlanDefinition.url",0,1,"","ele-1:All FHIR elements must have a @value or children {hasValue() or (children().count() > id.count())}
","Definition.url","FiveWs.identifier"
"PlanDefinition.identifier","PlanDefinition.identifier","","","",0,*,"","","Y","Identifier {[]} {[]}
","Additional identifier for the plan definition","A formal identifier that is used to identify this plan definition when it is represented in other formats, or referenced in a specification, model, design or an instance.","Typically, this is used for identifiers that can go in an HL7 V3 II (instance identifier) data type, and can then identify this plan definition outside of FHIR, where it is not possible to use the logical URI.","Allows externally provided and/or usable business identifiers to be easily associated with the module.","","","","","","","",,,,,"",,,,"PlanDefinition.identifier",0,*,"","ele-1:All FHIR elements must have a @value or children {hasValue() or (children().count() > id.count())}
","Definition.identifier","FiveWs.identifier","no-gen-base"
"PlanDefinition.version","PlanDefinition.version","","","",0,1,"","","Y","string {[]} {[]}
","Business version of the plan definition","The identifier that is used to identify this version of the plan definition when it is referenced in a specification, model, design or instance. This is an arbitrary value managed by the plan definition author and is not expected to be globally unique. For example, it might be a timestamp (e.g. yyyymmdd) if a managed version is not available. There is also no expectation that versions can be placed in a lexicographical sequence. To provide a version consistent with the Decision Support Service specification, use the format Major.Minor.Revision (e.g. 1.0.0). For more information on versioning knowledge assets, refer to the Decision Support Service specification. Note that a version is required for non-experimental active artifacts.","There may be different plan definition instances that have the same identifier but different versions.  The version can be appended to the url in a reference to allow a reference to a particular business version of the plan definition with the format [url]|[version].","","","","","","","","",,,,,"",,,,"PlanDefinition.version",0,1,"","ele-1:All FHIR elements must have a @value or children {hasValue() or (children().count() > id.count())}
","Definition.version","FiveWs.version"
"PlanDefinition.name","PlanDefinition.name","","","",0,1,"","","Y","string {[]} {[]}
","Name for this plan definition (computer friendly)","A natural language name identifying the plan definition. This name should be usable as an identifier for the module by machine processing applications such as code generation.","The name is not expected to be globally unique. The name should be a simple alphanumeric type name to ensure that it is machine-processing friendly.","Support human navigation and code generation.","","","","","","","",,,,,"",,,,"PlanDefinition.name",0,1,"inv-0
","ele-1:All FHIR elements must have a @value or children {hasValue() or (children().count() > id.count())}
"
"PlanDefinition.title","PlanDefinition.title","","","",0,1,"","","Y","string {[]} {[]}
","Name for this plan definition (human friendly)","A short, descriptive, user-friendly title for the plan definition.","This name does not need to be machine-processing friendly and may contain punctuation, white-space, etc.","","","","","","","","",,,,,"",,,,"PlanDefinition.title",0,1,"","ele-1:All FHIR elements must have a @value or children {hasValue() or (children().count() > id.count())}
","Definition.title"
"PlanDefinition.subtitle","PlanDefinition.subtitle","","","",0,1,"","","","string {[]} {[]}
","Subordinate title of the plan definition","An explanatory or alternate title for the plan definition giving additional information about its content.","","","","","","","","","",,,,,"",,,,"PlanDefinition.subtitle",0,1,"","ele-1:All FHIR elements must have a @value or children {hasValue() or (children().count() > id.count())}
"
"PlanDefinition.type","PlanDefinition.type","","","",0,1,"","","Y","CodeableConcept {[]} {[]}
","order-set | clinical-protocol | eca-rule | workflow-definition","A high-level category for the plan definition that distinguishes the kinds of systems that would be interested in the plan definition.","","","","","","","","","",,"extensible","The type of PlanDefinition.","http://hl7.org/fhir/ValueSet/plan-definition-type","",,,,"PlanDefinition.type",0,1,"","ele-1:All FHIR elements must have a @value or children {hasValue() or (children().count() > id.count())}
"
"PlanDefinition.status","PlanDefinition.status","","","",1,1,"","Y","Y","code {[]} {[]}
","draft | active | retired | unknown","The status of this plan definition. Enables tracking the life-cycle of the content.","Allows filtering of plan definitions that are appropriate for use versus not.","","","","","","","","",,"required","The lifecycle status of an artifact.","http://hl7.org/fhir/ValueSet/publication-status|4.0.1","",,,,"PlanDefinition.status",1,1,"","ele-1:All FHIR elements must have a @value or children {hasValue() or (children().count() > id.count())}
","Definition.status {different ValueSet}","FiveWs.status"
"PlanDefinition.experimental","PlanDefinition.experimental","","","",0,1,"","","Y","boolean {[]} {[]}
","For testing purposes, not real usage","A Boolean value to indicate that this plan definition is authored for testing purposes (or education/evaluation/marketing) and is not intended to be used for genuine usage.","Allows filtering of plan definitions that are appropriate for use versus not.","Enables experimental content to be developed following the same lifecycle that would be used for a production-level plan definition.","","","","","","","",,,,,"",,,,"PlanDefinition.experimental",0,1,"","ele-1:All FHIR elements must have a @value or children {hasValue() or (children().count() > id.count())}
","Definition.experimental","FiveWs.class"
"PlanDefinition.subject[x]","PlanDefinition.subject[x]","","","",0,1,"","","","CodeableConcept {[]} {[]}
Reference {[]} {[CanonicalType[http://hl7.org/fhir/StructureDefinition/Group]]}","Type of individual the plan definition is focused on","A code or group definition that describes the intended subject of the plan definition.","","","","Patient","","","","","",,"extensible","The possible types of subjects for a plan definition (E.g. Patient, Practitioner, Organization, Location, etc.).","http://hl7.org/fhir/ValueSet/subject-type","",,,,"PlanDefinition.subject[x]",0,1,"","ele-1:All FHIR elements must have a @value or children {hasValue() or (children().count() > id.count())}
","Definition.subject"
"PlanDefinition.date","PlanDefinition.date","","Revision Date
","",0,1,"","","Y","dateTime {[]} {[]}
","Date last changed","The date  (and optionally time) when the plan definition was published. The date must change when the business version changes and it must change if the status code changes. In addition, it should change when the substantive content of the plan definition changes.","Note that this is not the same as the resource last-modified-date, since the resource may be a secondary representation of the plan definition. Additional specific dates may be added as extensions or be found by consulting Provenances associated with past versions of the resource.","","","","","","","","",,,,,"",,,,"PlanDefinition.date",0,1,"","ele-1:All FHIR elements must have a @value or children {hasValue() or (children().count() > id.count())}
","Definition.date","FiveWs.recorded"
"PlanDefinition.publisher","PlanDefinition.publisher","","","",0,1,"","","Y","string {[]} {[]}
","Name of the publisher (organization or individual)","The name of the organization or individual that published the plan definition.","Usually an organization but may be an individual. The publisher (or steward) of the plan definition is the organization or individual primarily responsible for the maintenance and upkeep of the plan definition. This is not necessarily the same individual or organization that developed and initially authored the content. The publisher is the primary point of contact for questions or issues with the plan definition. This item SHOULD be populated unless the information is available from context.","Helps establish the ""authority/credibility"" of the plan definition.  May also allow for contact.","","","","","","","",,,,,"",,,,"PlanDefinition.publisher",0,1,"","ele-1:All FHIR elements must have a @value or children {hasValue() or (children().count() > id.count())}
","Definition.publisher","FiveWs.witness"
"PlanDefinition.contact","PlanDefinition.contact","","","",0,*,"","","Y","ContactDetail {[]} {[]}
","Contact details for the publisher","Contact details to assist a user in finding and communicating with the publisher.","May be a web site, an email address, a telephone number, etc.","","","","","","","","",,,,,"",,,,"PlanDefinition.contact",0,*,"","ele-1:All FHIR elements must have a @value or children {hasValue() or (children().count() > id.count())}
","Definition.contact"
"PlanDefinition.description","PlanDefinition.description","","","",0,1,"","","Y","markdown {[]} {[]}
","Natural language description of the plan definition","A free text natural language description of the plan definition from a consumer's perspective.","This description can be used to capture details such as why the plan definition was built, comments about misuse, instructions for clinical use and interpretation, literature references, examples from the paper world, etc. It is not a rendering of the plan definition as conveyed in the 'text' field of the resource itself. This item SHOULD be populated unless the information is available from context (e.g. the language of the plan definition is presumed to be the predominant language in the place the plan definition was created).","","","","","","","","",,,,,"",,,,"PlanDefinition.description",0,1,"","ele-1:All FHIR elements must have a @value or children {hasValue() or (children().count() > id.count())}
","Definition.description"
"PlanDefinition.useContext","PlanDefinition.useContext","","","",0,*,"","","Y","UsageContext {[]} {[]}
","The context that the content is intended to support","The content was developed with a focus and intent of supporting the contexts that are listed. These contexts may be general categories (gender, age, ...) or may be references to specific programs (insurance plans, studies, ...) and may be used to assist with indexing and searching for appropriate plan definition instances.","When multiple useContexts are specified, there is no expectation that all or any of the contexts apply.","Assist in searching for appropriate content.","","","","","","","",,,,,"",,,,"PlanDefinition.useContext",0,*,"","ele-1:All FHIR elements must have a @value or children {hasValue() or (children().count() > id.count())}
","Definition.useContext"
"PlanDefinition.jurisdiction","PlanDefinition.jurisdiction","","","",0,*,"","","Y","CodeableConcept {[]} {[]}
","Intended jurisdiction for plan definition (if applicable)","A legal or geographic region in which the plan definition is intended to be used.","It may be possible for the plan definition to be used in jurisdictions other than those for which it was originally designed or intended.","","","","","","","","",,"extensible","Countries and regions within which this artifact is targeted for use.","http://hl7.org/fhir/ValueSet/jurisdiction","",,,,"PlanDefinition.jurisdiction",0,*,"","ele-1:All FHIR elements must have a @value or children {hasValue() or (children().count() > id.count())}
","Definition.jurisdiction"
"PlanDefinition.purpose","PlanDefinition.purpose","","","",0,1,"","","","markdown {[]} {[]}
","Why this plan definition is defined","Explanation of why this plan definition is needed and why it has been designed as it has.","This element does not describe the usage of the plan definition. Instead, it provides traceability of ''why'' the resource is either needed or ''why'' it is defined as it is.  This may be used to point to source materials or specifications that drove the structure of this plan definition.","","","","","","","","",,,,,"",,,,"PlanDefinition.purpose",0,1,"","ele-1:All FHIR elements must have a @value or children {hasValue() or (children().count() > id.count())}
","Definition.purpose","FiveWs.why[x]","no-gen-base"
"PlanDefinition.usage","PlanDefinition.usage","","","",0,1,"","","","string {[]} {[]}
","Describes the clinical usage of the plan","A detailed description of how the plan definition is used from a clinical perspective.","","","","","","","","","",,,,,"",,,,"PlanDefinition.usage",0,1,"","ele-1:All FHIR elements must have a @value or children {hasValue() or (children().count() > id.count())}
"
"PlanDefinition.copyright","PlanDefinition.copyright","","License
Restrictions","",0,1,"","","","markdown {[]} {[]}
","Use and/or publishing restrictions","A copyright statement relating to the plan definition and/or its contents. Copyright statements are generally legal restrictions on the use and publishing of the plan definition.","","Consumers must be able to determine any legal restrictions on the use of the plan definition and/or its content.","","","","","","","",,,,,"",,,,"PlanDefinition.copyright",0,1,"","ele-1:All FHIR elements must have a @value or children {hasValue() or (children().count() > id.count())}
","Definition.copyright","no-gen-base"
"PlanDefinition.approvalDate","PlanDefinition.approvalDate","","","",0,1,"","","","date {[]} {[]}
","When the plan definition was approved by publisher","The date on which the resource content was approved by the publisher. Approval happens once when the content is officially approved for usage.","The 'date' element may be more recent than the approval date because of minor changes or editorial corrections.","","","","","","","","",,,,,"",,,,"PlanDefinition.approvalDate",0,1,"","ele-1:All FHIR elements must have a @value or children {hasValue() or (children().count() > id.count())}
","Definition.approvalDate","no-gen-base"
"PlanDefinition.lastReviewDate","PlanDefinition.lastReviewDate","","","",0,1,"","","","date {[]} {[]}
","When the plan definition was last reviewed","The date on which the resource content was last reviewed. Review happens periodically after approval but does not change the original approval date.","If specified, this date follows the original approval date.","Gives a sense of how ""current"" the content is.  Resources that have not been reviewed in a long time may have a risk of being less appropriate/relevant.","","","","","","","",,,,,"",,,,"PlanDefinition.lastReviewDate",0,1,"","ele-1:All FHIR elements must have a @value or children {hasValue() or (children().count() > id.count())}
","Definition.lastReviewDate","no-gen-base"
"PlanDefinition.effectivePeriod","PlanDefinition.effectivePeriod","","","",0,1,"","","Y","Period {[]} {[]}
","When the plan definition is expected to be used","The period during which the plan definition content was or is planned to be in active use.","The effective period for a plan definition  determines when the content is applicable for usage and is independent of publication and review dates. For example, a measure intended to be used for the year 2016 might be published in 2015.","Allows establishing a transition before a resource comes into effect and also allows for a sunsetting  process when new versions of the plan definition are or are expected to be used instead.","","","","","","","",,,,,"",,,,"PlanDefinition.effectivePeriod",0,1,"","ele-1:All FHIR elements must have a @value or children {hasValue() or (children().count() > id.count())}
","Definition.effectivePeriod","no-gen-base"
"PlanDefinition.topic","PlanDefinition.topic","","","",0,*,"","","","CodeableConcept {[]} {[]}
","E.g. Education, Treatment, Assessment","Descriptive topics related to the content of the plan definition. Topics provide a high-level categorization of the definition that can be useful for filtering and searching.","","Repositories must be able to determine how to categorize the plan definition so that it can be found by topical searches.","","","","","","","",,"example","High-level categorization of the definition, used for searching, sorting, and filtering.","http://hl7.org/fhir/ValueSet/definition-topic","",,,,"PlanDefinition.topic",0,*,"","ele-1:All FHIR elements must have a @value or children {hasValue() or (children().count() > id.count())}
","Definition.subject[x]"
"PlanDefinition.author","PlanDefinition.author","","","",0,*,"","","","ContactDetail {[]} {[]}
","Who authored the content","An individiual or organization primarily involved in the creation and maintenance of the content.","","","","","","","","","",,,,,"",,,,"PlanDefinition.author",0,*,"","ele-1:All FHIR elements must have a @value or children {hasValue() or (children().count() > id.count())}
",".participation[typeCode=AUT]"
"PlanDefinition.editor","PlanDefinition.editor","","","",0,*,"","","","ContactDetail {[]} {[]}
","Who edited the content","An individual or organization primarily responsible for internal coherence of the content.","","","","","","","","","",,,,,"",,,,"PlanDefinition.editor",0,*,"","ele-1:All FHIR elements must have a @value or children {hasValue() or (children().count() > id.count())}
"
"PlanDefinition.reviewer","PlanDefinition.reviewer","","","",0,*,"","","","ContactDetail {[]} {[]}
","Who reviewed the content","An individual or organization primarily responsible for review of some aspect of the content.","","","","","","","","","",,,,,"",,,,"PlanDefinition.reviewer",0,*,"","ele-1:All FHIR elements must have a @value or children {hasValue() or (children().count() > id.count())}
",".participation[typeCode=VRF] {not clear whether VRF best corresponds to reviewer or endorser}"
"PlanDefinition.endorser","PlanDefinition.endorser","","","",0,*,"","","","ContactDetail {[]} {[]}
","Who endorsed the content","An individual or organization responsible for officially endorsing the content for use in some setting.","","","","","","","","","",,,,,"",,,,"PlanDefinition.endorser",0,*,"","ele-1:All FHIR elements must have a @value or children {hasValue() or (children().count() > id.count())}
",".participation[typeCode=VRF] {not clear whether VRF best corresponds to reviewer or endorser}"
"PlanDefinition.relatedArtifact","PlanDefinition.relatedArtifact","","","",0,*,"","","","RelatedArtifact {[]} {[]}
","Additional documentation, citations","Related artifacts such as additional documentation, justification, or bibliographic references.","Each related artifact is either an attachment, or a reference to another resource, but not both.","Plan definitions must be able to provide enough information for consumers of the content (and/or interventions or results produced by the content) to be able to determine and understand the justification for and evidence in support of the content.","","","","","","","",,,,,"",,,,"PlanDefinition.relatedArtifact",0,*,"","ele-1:All FHIR elements must have a @value or children {hasValue() or (children().count() > id.count())}
"
"PlanDefinition.library","PlanDefinition.library","","","",0,*,"","","","canonical {[]} {[CanonicalType[http://hl7.org/fhir/StructureDefinition/Library]]}
","Logic used by the plan definition","A reference to a Library resource containing any formal logic used by the plan definition.","","","","","","","","","",,,,,"",,,,"PlanDefinition.library",0,*,"","ele-1:All FHIR elements must have a @value or children {hasValue() or (children().count() > id.count())}
"
"PlanDefinition.goal","PlanDefinition.goal","","","",0,*,"","","","BackboneElement {[]} {[]}
","What the plan is trying to accomplish","Goals that describe what the activities within the plan are intended to achieve. For example, weight loss, restoring an activity of daily living, obtaining herd immunity via immunization, meeting a process improvement objective, etc.","","Goal information needs to be captured for order sets, protocols, and care plan definitions to better describe the objectives of the protocol activities and to guide the creation of specific goals within the derived care plans and orders.","","","","","","","",,,,,"",,,,"PlanDefinition.goal",0,*,"","ele-1:All FHIR elements must have a @value or children {hasValue() or (children().count() > id.count())}
"
"PlanDefinition.goal.id","PlanDefinition.goal.id","","","",0,1,"","","","string {[]} {[]}
","Unique id for inter-element referencing","Unique id for the element within a resource (for internal references). This may be any string value that does not contain spaces.","","","","","","","","","",,,,,"",,,,"Element.id",0,1,"","","n/a"
"PlanDefinition.goal.extension","PlanDefinition.goal.extension","","extensions
user content","",0,*,"","","","Extension {[]} {[]}
","Additional content defined by implementations","May be used to represent additional information that is not part of the basic definition of the element. To make the use of extensions safe and manageable, there is a strict set of governance  applied to the definition and use of extensions. Though any implementer can define an extension, there is a set of requirements that SHALL be met as part of the definition of the extension.","There can be no stigma associated with the use of extensions by any application, project, or standard - regardless of the institution or jurisdiction that uses or defines the extensions.  The use of extensions is what allows the FHIR specification to retain a core level of simplicity for everyone.","","","","","","","","",,,,,"",,,,"Element.extension",0,*,"","ele-1:All FHIR elements must have a @value or children {hasValue() or (children().count() > id.count())}
ext-1:Must have either extensions or value[x], not both {extension.exists() != value.exists()}","n/a"
"PlanDefinition.goal.modifierExtension","PlanDefinition.goal.modifierExtension","","extensions
user contentmodifiers","",0,*,"","Y","Y","Extension {[]} {[]}
","Extensions that cannot be ignored even if unrecognized","May be used to represent additional information that is not part of the basic definition of the element and that modifies the understanding of the element in which it is contained and/or the understanding of the containing element's descendants. Usually modifier elements provide negation or qualification. To make the use of extensions safe and manageable, there is a strict set of governance applied to the definition and use of extensions. Though any implementer can define an extension, there is a set of requirements that SHALL be met as part of the definition of the extension. Applications processing a resource are required to check for modifier extensions.

Modifier extensions SHALL NOT change the meaning of any elements on Resource or DomainResource (including cannot change the meaning of modifierExtension itself).","There can be no stigma associated with the use of extensions by any application, project, or standard - regardless of the institution or jurisdiction that uses or defines the extensions.  The use of extensions is what allows the FHIR specification to retain a core level of simplicity for everyone.","Modifier extensions allow for extensions that *cannot* be safely ignored to be clearly distinguished from the vast majority of extensions which can be safely ignored.  This promotes interoperability by eliminating the need for implementers to prohibit the presence of extensions. For further information, see the [definition of modifier extensions](http://hl7.org/fhir/R4/extensibility.html#modifierExtension).","","","","","","","",,,,,"",,,,"BackboneElement.modifierExtension",0,*,"","ele-1:All FHIR elements must have a @value or children {hasValue() or (children().count() > id.count())}
ext-1:Must have either extensions or value[x], not both {extension.exists() != value.exists()}","N/A"
"PlanDefinition.goal.category","PlanDefinition.goal.category","","","",0,1,"","","","CodeableConcept {[]} {[]}
","E.g. Treatment, dietary, behavioral","Indicates a category the goal falls within.","","","","","","","","","",,"example","Example codes for grouping goals for filtering or presentation.","http://hl7.org/fhir/ValueSet/goal-category","",,,,"PlanDefinition.goal.category",0,1,"","ele-1:All FHIR elements must have a @value or children {hasValue() or (children().count() > id.count())}
"
"PlanDefinition.goal.description","PlanDefinition.goal.description","","","",1,1,"","","","CodeableConcept {[]} {[]}
","Code or text describing the goal","Human-readable and/or coded description of a specific desired objective of care, such as ""control blood pressure"" or ""negotiate an obstacle course"" or ""dance with child at wedding"".","If no code is available, use CodeableConcept.text.","","","","","","","","",,"example","Describes goals that can be achieved.","http://hl7.org/fhir/ValueSet/clinical-findings","",,,,"PlanDefinition.goal.description",1,1,"","ele-1:All FHIR elements must have a @value or children {hasValue() or (children().count() > id.count())}
"
"PlanDefinition.goal.priority","PlanDefinition.goal.priority","","","",0,1,"","","","CodeableConcept {[]} {[]}
","high-priority | medium-priority | low-priority","Identifies the expected level of importance associated with reaching/sustaining the defined goal.","","","","","","","","","",,"preferred","Indicates the level of importance associated with reaching or sustaining a goal.","http://hl7.org/fhir/ValueSet/goal-priority","",,,,"PlanDefinition.goal.priority",0,1,"","ele-1:All FHIR elements must have a @value or children {hasValue() or (children().count() > id.count())}
"
"PlanDefinition.goal.start","PlanDefinition.goal.start","","","",0,1,"","","","CodeableConcept {[]} {[]}
","When goal pursuit begins","The event after which the goal should begin being pursued.","","","","","","","","","",,"example","Identifies the types of events that might trigger the start of a goal.","http://hl7.org/fhir/ValueSet/goal-start-event","",,,,"PlanDefinition.goal.start",0,1,"","ele-1:All FHIR elements must have a @value or children {hasValue() or (children().count() > id.count())}
"
"PlanDefinition.goal.addresses","PlanDefinition.goal.addresses","","","",0,*,"","","","CodeableConcept {[]} {[]}
","What does the goal address","Identifies problems, conditions, issues, or concerns the goal is intended to address.","","","","","","","","","",,"example","Identifies problems, conditions, issues, or concerns that goals may address.","http://hl7.org/fhir/ValueSet/condition-code","",,,,"PlanDefinition.goal.addresses",0,*,"","ele-1:All FHIR elements must have a @value or children {hasValue() or (children().count() > id.count())}
"
"PlanDefinition.goal.documentation","PlanDefinition.goal.documentation","","","",0,*,"","","","RelatedArtifact {[]} {[]}
","Supporting documentation for the goal","Didactic or other informational resources associated with the goal that provide further supporting information about the goal. Information resources can include inline text commentary and links to web resources.","","","","","","","","","",,,,,"",,,,"PlanDefinition.goal.documentation",0,*,"","ele-1:All FHIR elements must have a @value or children {hasValue() or (children().count() > id.count())}
"
"PlanDefinition.goal.target","PlanDefinition.goal.target","","","",0,*,"","","","BackboneElement {[]} {[]}
","Target outcome for the goal","Indicates what should be done and within what timeframe.","","","","","","","","","",,,,,"",,,,"PlanDefinition.goal.target",0,*,"","ele-1:All FHIR elements must have a @value or children {hasValue() or (children().count() > id.count())}
"
"PlanDefinition.goal.target.id","PlanDefinition.goal.target.id","","","",0,1,"","","","string {[]} {[]}
","Unique id for inter-element referencing","Unique id for the element within a resource (for internal references). This may be any string value that does not contain spaces.","","","","","","","","","",,,,,"",,,,"Element.id",0,1,"","","n/a"
"PlanDefinition.goal.target.extension","PlanDefinition.goal.target.extension","","extensions
user content","",0,*,"","","","Extension {[]} {[]}
","Additional content defined by implementations","May be used to represent additional information that is not part of the basic definition of the element. To make the use of extensions safe and manageable, there is a strict set of governance  applied to the definition and use of extensions. Though any implementer can define an extension, there is a set of requirements that SHALL be met as part of the definition of the extension.","There can be no stigma associated with the use of extensions by any application, project, or standard - regardless of the institution or jurisdiction that uses or defines the extensions.  The use of extensions is what allows the FHIR specification to retain a core level of simplicity for everyone.","","","","","","","","",,,,,"",,,,"Element.extension",0,*,"","ele-1:All FHIR elements must have a @value or children {hasValue() or (children().count() > id.count())}
ext-1:Must have either extensions or value[x], not both {extension.exists() != value.exists()}","n/a"
"PlanDefinition.goal.target.modifierExtension","PlanDefinition.goal.target.modifierExtension","","extensions
user contentmodifiers","",0,*,"","Y","Y","Extension {[]} {[]}
","Extensions that cannot be ignored even if unrecognized","May be used to represent additional information that is not part of the basic definition of the element and that modifies the understanding of the element in which it is contained and/or the understanding of the containing element's descendants. Usually modifier elements provide negation or qualification. To make the use of extensions safe and manageable, there is a strict set of governance applied to the definition and use of extensions. Though any implementer can define an extension, there is a set of requirements that SHALL be met as part of the definition of the extension. Applications processing a resource are required to check for modifier extensions.

Modifier extensions SHALL NOT change the meaning of any elements on Resource or DomainResource (including cannot change the meaning of modifierExtension itself).","There can be no stigma associated with the use of extensions by any application, project, or standard - regardless of the institution or jurisdiction that uses or defines the extensions.  The use of extensions is what allows the FHIR specification to retain a core level of simplicity for everyone.","Modifier extensions allow for extensions that *cannot* be safely ignored to be clearly distinguished from the vast majority of extensions which can be safely ignored.  This promotes interoperability by eliminating the need for implementers to prohibit the presence of extensions. For further information, see the [definition of modifier extensions](http://hl7.org/fhir/R4/extensibility.html#modifierExtension).","","","","","","","",,,,,"",,,,"BackboneElement.modifierExtension",0,*,"","ele-1:All FHIR elements must have a @value or children {hasValue() or (children().count() > id.count())}
ext-1:Must have either extensions or value[x], not both {extension.exists() != value.exists()}","N/A"
"PlanDefinition.goal.target.measure","PlanDefinition.goal.target.measure","","","",0,1,"","","","CodeableConcept {[]} {[]}
","The parameter whose value is to be tracked","The parameter whose value is to be tracked, e.g. body weight, blood pressure, or hemoglobin A1c level.","","","","","","","","","",,"example","Identifies types of parameters that can be tracked to determine goal achievement.","http://hl7.org/fhir/ValueSet/observation-codes","",,,,"PlanDefinition.goal.target.measure",0,1,"","ele-1:All FHIR elements must have a @value or children {hasValue() or (children().count() > id.count())}
"
"PlanDefinition.goal.target.detail[x]","PlanDefinition.goal.target.detail[x]","","","",0,1,"","","","Quantity {[]} {[]}
Range {[]} {[]}CodeableConcept {[]} {[]}","The target value to be achieved","The target value of the measure to be achieved to signify fulfillment of the goal, e.g. 150 pounds or 7.0%. Either the high or low or both values of the range can be specified. When a low value is missing, it indicates that the goal is achieved at any value at or below the high value. Similarly, if the high value is missing, it indicates that the goal is achieved at any value at or above the low value.","","","","","","","","","",,,,,"",,,,"PlanDefinition.goal.target.detail[x]",0,1,"","ele-1:All FHIR elements must have a @value or children {hasValue() or (children().count() > id.count())}
"
"PlanDefinition.goal.target.due","PlanDefinition.goal.target.due","","","",0,1,"","","","Duration {[]} {[]}
","Reach goal within","Indicates the timeframe after the start of the goal in which the goal should be met.","","","","","","","","","",,,,,"",,,,"PlanDefinition.goal.target.due",0,1,"","ele-1:All FHIR elements must have a @value or children {hasValue() or (children().count() > id.count())}
"
"PlanDefinition.action","PlanDefinition.action","","","",0,*,"","","","BackboneElement {[]} {[]}
","Action defined by the plan","An action or group of actions to be taken as part of the plan.","Note that there is overlap between many of the elements defined here and the ActivityDefinition resource. When an ActivityDefinition is referenced (using the definition element), the overlapping elements in the plan override the content of the referenced ActivityDefinition unless otherwise documented in the specific elements. See the PlanDefinition resource for more detailed information.","","","","","","","","",,,,,"",,,,"PlanDefinition.action",0,*,"","ele-1:All FHIR elements must have a @value or children {hasValue() or (children().count() > id.count())}
","{Is a contained Definition}"
"PlanDefinition.action.id","PlanDefinition.action.id","","","",0,1,"","","","string {[]} {[]}
","Unique id for inter-element referencing","Unique id for the element within a resource (for internal references). This may be any string value that does not contain spaces.","","","","","","","","","",,,,,"",,,,"Element.id",0,1,"","","n/a"
"PlanDefinition.action.extension","PlanDefinition.action.extension","","extensions
user content","",0,*,"","","","Extension {[]} {[]}
","Additional content defined by implementations","May be used to represent additional information that is not part of the basic definition of the element. To make the use of extensions safe and manageable, there is a strict set of governance  applied to the definition and use of extensions. Though any implementer can define an extension, there is a set of requirements that SHALL be met as part of the definition of the extension.","There can be no stigma associated with the use of extensions by any application, project, or standard - regardless of the institution or jurisdiction that uses or defines the extensions.  The use of extensions is what allows the FHIR specification to retain a core level of simplicity for everyone.","","","","","","","","",,,,,"",,,,"Element.extension",0,*,"","ele-1:All FHIR elements must have a @value or children {hasValue() or (children().count() > id.count())}
ext-1:Must have either extensions or value[x], not both {extension.exists() != value.exists()}","n/a"
"PlanDefinition.action.modifierExtension","PlanDefinition.action.modifierExtension","","extensions
user contentmodifiers","",0,*,"","Y","Y","Extension {[]} {[]}
","Extensions that cannot be ignored even if unrecognized","May be used to represent additional information that is not part of the basic definition of the element and that modifies the understanding of the element in which it is contained and/or the understanding of the containing element's descendants. Usually modifier elements provide negation or qualification. To make the use of extensions safe and manageable, there is a strict set of governance applied to the definition and use of extensions. Though any implementer can define an extension, there is a set of requirements that SHALL be met as part of the definition of the extension. Applications processing a resource are required to check for modifier extensions.

Modifier extensions SHALL NOT change the meaning of any elements on Resource or DomainResource (including cannot change the meaning of modifierExtension itself).","There can be no stigma associated with the use of extensions by any application, project, or standard - regardless of the institution or jurisdiction that uses or defines the extensions.  The use of extensions is what allows the FHIR specification to retain a core level of simplicity for everyone.","Modifier extensions allow for extensions that *cannot* be safely ignored to be clearly distinguished from the vast majority of extensions which can be safely ignored.  This promotes interoperability by eliminating the need for implementers to prohibit the presence of extensions. For further information, see the [definition of modifier extensions](http://hl7.org/fhir/R4/extensibility.html#modifierExtension).","","","","","","","",,,,,"",,,,"BackboneElement.modifierExtension",0,*,"","ele-1:All FHIR elements must have a @value or children {hasValue() or (children().count() > id.count())}
ext-1:Must have either extensions or value[x], not both {extension.exists() != value.exists()}","N/A"
"PlanDefinition.action.prefix","PlanDefinition.action.prefix","","","",0,1,"","","","string {[]} {[]}
","User-visible prefix for the action (e.g. 1. or A.)","A user-visible prefix for the action.","","","","","","","","","",,,,,"",,,,"PlanDefinition.action.prefix",0,1,"","ele-1:All FHIR elements must have a @value or children {hasValue() or (children().count() > id.count())}
"
"PlanDefinition.action.title","PlanDefinition.action.title","","","",0,1,"","","","string {[]} {[]}
","User-visible title","The title of the action displayed to a user.","","","","","","","","","",,,,,"",,,,"PlanDefinition.action.title",0,1,"","ele-1:All FHIR elements must have a @value or children {hasValue() or (children().count() > id.count())}
","Definition.title"
"PlanDefinition.action.description","PlanDefinition.action.description","","","",0,1,"","","","string {[]} {[]}
","Brief description of the action","A brief description of the action used to provide a summary to display to the user.","","","","","","","","","",,,,,"",,,,"PlanDefinition.action.description",0,1,"","ele-1:All FHIR elements must have a @value or children {hasValue() or (children().count() > id.count())}
","Definition.description"
"PlanDefinition.action.textEquivalent","PlanDefinition.action.textEquivalent","","","",0,1,"","","","string {[]} {[]}
","Static text equivalent of the action, used if the dynamic aspects cannot be interpreted by the receiving system","A text equivalent of the action to be performed. This provides a human-interpretable description of the action when the definition is consumed by a system that might not be capable of interpreting it dynamically.","","","","","","","","","",,,,,"",,,,"PlanDefinition.action.textEquivalent",0,1,"","ele-1:All FHIR elements must have a @value or children {hasValue() or (children().count() > id.count())}
","Definition.description"
"PlanDefinition.action.priority","PlanDefinition.action.priority","","","",0,1,"","","","code {[]} {[]}
","routine | urgent | asap | stat","Indicates how quickly the action should be addressed with respect to other actions.","","","","","","","","","",,"required","Identifies the level of importance to be assigned to actioning the request.","http://hl7.org/fhir/ValueSet/request-priority|4.0.1","",,,,"PlanDefinition.action.priority",0,1,"","ele-1:All FHIR elements must have a @value or children {hasValue() or (children().count() > id.count())}
"
"PlanDefinition.action.code","PlanDefinition.action.code","","","",0,*,"","","","CodeableConcept {[]} {[]}
","Code representing the meaning of the action or sub-actions","A code that provides meaning for the action or action group. For example, a section may have a LOINC code for the section of a documentation template.","","","","","","","","","",,,,,"",,,,"PlanDefinition.action.code",0,*,"","ele-1:All FHIR elements must have a @value or children {hasValue() or (children().count() > id.count())}
"
"PlanDefinition.action.reason","PlanDefinition.action.reason","","","",0,*,"","","","CodeableConcept {[]} {[]}
","Why the action should be performed","A description of why this action is necessary or appropriate.","This is different than the clinical evidence documentation, it's an actual business description of the reason for performing the action.","","","","","","","","",,,,,"",,,,"PlanDefinition.action.reason",0,*,"","ele-1:All FHIR elements must have a @value or children {hasValue() or (children().count() > id.count())}
"
"PlanDefinition.action.documentation","PlanDefinition.action.documentation","","","",0,*,"","","","RelatedArtifact {[]} {[]}
","Supporting documentation for the intended performer of the action","Didactic or other informational resources associated with the action that can be provided to the CDS recipient. Information resources can include inline text commentary and links to web resources.","","","","","","","","","",,,,,"",,,,"PlanDefinition.action.documentation",0,*,"","ele-1:All FHIR elements must have a @value or children {hasValue() or (children().count() > id.count())}
"
"PlanDefinition.action.goalId","PlanDefinition.action.goalId","","","",0,*,"","","","id {[]} {[]}
","What goals this action supports","Identifies goals that this action supports. The reference must be to a goal element defined within this plan definition.","","","","","","","","","",,,,,"",,,,"PlanDefinition.action.goalId",0,*,"","ele-1:All FHIR elements must have a @value or children {hasValue() or (children().count() > id.count())}
"
"PlanDefinition.action.subject[x]","PlanDefinition.action.subject[x]","","","",0,1,"","","","CodeableConcept {[]} {[]}
Reference {[]} {[CanonicalType[http://hl7.org/fhir/StructureDefinition/Group]]}","Type of individual the action is focused on","A code or group definition that describes the intended subject of the action and its children, if any.","The subject of an action overrides the subject at a parent action or on the root of the PlanDefinition if specified.

In addition, because the subject needs to be resolved during realization, use of subjects in actions (or in the ActivityDefinition referenced by the action) resolves based on the set of subjects supplied in context and by type (i.e. the patient subject would resolve to a resource of type Patient).","Multiple steps in a protocol often have different groups of steps that are focused on testing different things. The subject of an action specifies the focus of the action and any child actions.","","Patient","","","","","",,"extensible","The possible types of subjects for a plan definition (E.g. Patient, Practitioner, Organization, Location, etc.).","http://hl7.org/fhir/ValueSet/subject-type","",,,,"PlanDefinition.action.subject[x]",0,1,"","ele-1:All FHIR elements must have a @value or children {hasValue() or (children().count() > id.count())}
","Definition.subject"
"PlanDefinition.action.trigger","PlanDefinition.action.trigger","","","",0,*,"","","","TriggerDefinition {[]} {[]}
","When the action should be triggered","A description of when the action should be triggered.","","","","","","","","","",,,,,"",,,,"PlanDefinition.action.trigger",0,*,"","ele-1:All FHIR elements must have a @value or children {hasValue() or (children().count() > id.count())}
"
"PlanDefinition.action.condition","PlanDefinition.action.condition","","","",0,*,"","","","BackboneElement {[]} {[]}
","Whether or not the action is applicable","An expression that describes applicability criteria or start/stop conditions for the action.","When multiple conditions of the same kind are present, the effects are combined using AND semantics, so the overall condition is true only if all the conditions are true.","","","","","","","","",,,,,"",,,,"PlanDefinition.action.condition",0,*,"","ele-1:All FHIR elements must have a @value or children {hasValue() or (children().count() > id.count())}
"
"PlanDefinition.action.condition.id","PlanDefinition.action.condition.id","","","",0,1,"","","","string {[]} {[]}
","Unique id for inter-element referencing","Unique id for the element within a resource (for internal references). This may be any string value that does not contain spaces.","","","","","","","","","",,,,,"",,,,"Element.id",0,1,"","","n/a"
"PlanDefinition.action.condition.extension","PlanDefinition.action.condition.extension","","extensions
user content","",0,*,"","","","Extension {[]} {[]}
","Additional content defined by implementations","May be used to represent additional information that is not part of the basic definition of the element. To make the use of extensions safe and manageable, there is a strict set of governance  applied to the definition and use of extensions. Though any implementer can define an extension, there is a set of requirements that SHALL be met as part of the definition of the extension.","There can be no stigma associated with the use of extensions by any application, project, or standard - regardless of the institution or jurisdiction that uses or defines the extensions.  The use of extensions is what allows the FHIR specification to retain a core level of simplicity for everyone.","","","","","","","","",,,,,"",,,,"Element.extension",0,*,"","ele-1:All FHIR elements must have a @value or children {hasValue() or (children().count() > id.count())}
ext-1:Must have either extensions or value[x], not both {extension.exists() != value.exists()}","n/a"
"PlanDefinition.action.condition.modifierExtension","PlanDefinition.action.condition.modifierExtension","","extensions
user contentmodifiers","",0,*,"","Y","Y","Extension {[]} {[]}
","Extensions that cannot be ignored even if unrecognized","May be used to represent additional information that is not part of the basic definition of the element and that modifies the understanding of the element in which it is contained and/or the understanding of the containing element's descendants. Usually modifier elements provide negation or qualification. To make the use of extensions safe and manageable, there is a strict set of governance applied to the definition and use of extensions. Though any implementer can define an extension, there is a set of requirements that SHALL be met as part of the definition of the extension. Applications processing a resource are required to check for modifier extensions.

Modifier extensions SHALL NOT change the meaning of any elements on Resource or DomainResource (including cannot change the meaning of modifierExtension itself).","There can be no stigma associated with the use of extensions by any application, project, or standard - regardless of the institution or jurisdiction that uses or defines the extensions.  The use of extensions is what allows the FHIR specification to retain a core level of simplicity for everyone.","Modifier extensions allow for extensions that *cannot* be safely ignored to be clearly distinguished from the vast majority of extensions which can be safely ignored.  This promotes interoperability by eliminating the need for implementers to prohibit the presence of extensions. For further information, see the [definition of modifier extensions](http://hl7.org/fhir/R4/extensibility.html#modifierExtension).","","","","","","","",,,,,"",,,,"BackboneElement.modifierExtension",0,*,"","ele-1:All FHIR elements must have a @value or children {hasValue() or (children().count() > id.count())}
ext-1:Must have either extensions or value[x], not both {extension.exists() != value.exists()}","N/A"
"PlanDefinition.action.condition.kind","PlanDefinition.action.condition.kind","","","",1,1,"","","","code {[]} {[]}
","applicability | start | stop","The kind of condition.","Applicability criteria are used to determine immediate applicability when a plan definition is applied to a given context. Start and stop criteria are carried through application and used to describe enter/exit criteria for an action.","","","","","","","","",,"required","Defines the kinds of conditions that can appear on actions.","http://hl7.org/fhir/ValueSet/action-condition-kind|4.0.1","",,,,"PlanDefinition.action.condition.kind",1,1,"","ele-1:All FHIR elements must have a @value or children {hasValue() or (children().count() > id.count())}
"
"PlanDefinition.action.condition.expression","PlanDefinition.action.condition.expression","","","",0,1,"","","","Expression {[]} {[]}
","Boolean-valued expression","An expression that returns true or false, indicating whether the condition is satisfied.","The expression may be inlined or may be a reference to a named expression within a logic library referenced by the library element.","","","","","","","","",,,,,"",,,,"PlanDefinition.action.condition.expression",0,1,"","ele-1:All FHIR elements must have a @value or children {hasValue() or (children().count() > id.count())}
"
"PlanDefinition.action.input","PlanDefinition.action.input","","","",0,*,"","","","DataRequirement {[]} {[]}
","Input data requirements","Defines input data requirements for the action.","","","","","","","","","",,,,,"",,,,"PlanDefinition.action.input",0,*,"","ele-1:All FHIR elements must have a @value or children {hasValue() or (children().count() > id.count())}
"
"PlanDefinition.action.output","PlanDefinition.action.output","","","",0,*,"","","","DataRequirement {[]} {[]}
","Output data definition","Defines the outputs of the action, if any.","","","","","","","","","",,,,,"",,,,"PlanDefinition.action.output",0,*,"","ele-1:All FHIR elements must have a @value or children {hasValue() or (children().count() > id.count())}
"
"PlanDefinition.action.relatedAction","PlanDefinition.action.relatedAction","","","",0,*,"","","","BackboneElement {[]} {[]}
","Relationship to another action","A relationship to another action such as ""before"" or ""30-60 minutes after start of"".","When an action depends on multiple actions, the meaning is that all actions are dependencies, rather than that any of the actions are a dependency.","","","","","","","","",,,,,"",,,,"PlanDefinition.action.relatedAction",0,*,"","ele-1:All FHIR elements must have a @value or children {hasValue() or (children().count() > id.count())}
"
"PlanDefinition.action.relatedAction.id","PlanDefinition.action.relatedAction.id","","","",0,1,"","","","string {[]} {[]}
","Unique id for inter-element referencing","Unique id for the element within a resource (for internal references). This may be any string value that does not contain spaces.","","","","","","","","","",,,,,"",,,,"Element.id",0,1,"","","n/a"
"PlanDefinition.action.relatedAction.extension","PlanDefinition.action.relatedAction.extension","","extensions
user content","",0,*,"","","","Extension {[]} {[]}
","Additional content defined by implementations","May be used to represent additional information that is not part of the basic definition of the element. To make the use of extensions safe and manageable, there is a strict set of governance  applied to the definition and use of extensions. Though any implementer can define an extension, there is a set of requirements that SHALL be met as part of the definition of the extension.","There can be no stigma associated with the use of extensions by any application, project, or standard - regardless of the institution or jurisdiction that uses or defines the extensions.  The use of extensions is what allows the FHIR specification to retain a core level of simplicity for everyone.","","","","","","","","",,,,,"",,,,"Element.extension",0,*,"","ele-1:All FHIR elements must have a @value or children {hasValue() or (children().count() > id.count())}
ext-1:Must have either extensions or value[x], not both {extension.exists() != value.exists()}","n/a"
"PlanDefinition.action.relatedAction.modifierExtension","PlanDefinition.action.relatedAction.modifierExtension","","extensions
user contentmodifiers","",0,*,"","Y","Y","Extension {[]} {[]}
","Extensions that cannot be ignored even if unrecognized","May be used to represent additional information that is not part of the basic definition of the element and that modifies the understanding of the element in which it is contained and/or the understanding of the containing element's descendants. Usually modifier elements provide negation or qualification. To make the use of extensions safe and manageable, there is a strict set of governance applied to the definition and use of extensions. Though any implementer can define an extension, there is a set of requirements that SHALL be met as part of the definition of the extension. Applications processing a resource are required to check for modifier extensions.

Modifier extensions SHALL NOT change the meaning of any elements on Resource or DomainResource (including cannot change the meaning of modifierExtension itself).","There can be no stigma associated with the use of extensions by any application, project, or standard - regardless of the institution or jurisdiction that uses or defines the extensions.  The use of extensions is what allows the FHIR specification to retain a core level of simplicity for everyone.","Modifier extensions allow for extensions that *cannot* be safely ignored to be clearly distinguished from the vast majority of extensions which can be safely ignored.  This promotes interoperability by eliminating the need for implementers to prohibit the presence of extensions. For further information, see the [definition of modifier extensions](http://hl7.org/fhir/R4/extensibility.html#modifierExtension).","","","","","","","",,,,,"",,,,"BackboneElement.modifierExtension",0,*,"","ele-1:All FHIR elements must have a @value or children {hasValue() or (children().count() > id.count())}
ext-1:Must have either extensions or value[x], not both {extension.exists() != value.exists()}","N/A"
"PlanDefinition.action.relatedAction.actionId","PlanDefinition.action.relatedAction.actionId","","","",1,1,"","","","id {[]} {[]}
","What action is this related to","The element id of the related action.","","","","","","","","","",,,,,"",,,,"PlanDefinition.action.relatedAction.actionId",1,1,"","ele-1:All FHIR elements must have a @value or children {hasValue() or (children().count() > id.count())}
"
"PlanDefinition.action.relatedAction.relationship","PlanDefinition.action.relatedAction.relationship","","","",1,1,"","","","code {[]} {[]}
","before-start | before | before-end | concurrent-with-start | concurrent | concurrent-with-end | after-start | after | after-end","The relationship of this action to the related action.","","","","","","","","","",,"required","Defines the types of relationships between actions.","http://hl7.org/fhir/ValueSet/action-relationship-type|4.0.1","",,,,"PlanDefinition.action.relatedAction.relationship",1,1,"","ele-1:All FHIR elements must have a @value or children {hasValue() or (children().count() > id.count())}
"
"PlanDefinition.action.relatedAction.offset[x]","PlanDefinition.action.relatedAction.offset[x]","","","",0,1,"","","","Duration {[]} {[]}
Range {[]} {[]}","Time offset for the relationship","A duration or range of durations to apply to the relationship. For example, 30-60 minutes before.","","","","","","","","","",,,,,"",,,,"PlanDefinition.action.relatedAction.offset[x]",0,1,"","ele-1:All FHIR elements must have a @value or children {hasValue() or (children().count() > id.count())}
"
"PlanDefinition.action.timing[x]","PlanDefinition.action.timing[x]","","","",0,1,"","","","dateTime {[]} {[]}
Age {[]} {[]}Period {[]} {[]}Duration {[]} {[]}Range {[]} {[]}Timing {[]} {[]}","When the action should take place","An optional value describing when the action should be performed.","","","","","","","","","",,,,,"",,,,"PlanDefinition.action.timing[x]",0,1,"","ele-1:All FHIR elements must have a @value or children {hasValue() or (children().count() > id.count())}
"
"PlanDefinition.action.participant","PlanDefinition.action.participant","","","",0,*,"","","","BackboneElement {[]} {[]}
","Who should participate in the action","Indicates who should participate in performing the action described.","","","","","","","","","",,,,,"",,,,"PlanDefinition.action.participant",0,*,"","ele-1:All FHIR elements must have a @value or children {hasValue() or (children().count() > id.count())}
"
"PlanDefinition.action.participant.id","PlanDefinition.action.participant.id","","","",0,1,"","","","string {[]} {[]}
","Unique id for inter-element referencing","Unique id for the element within a resource (for internal references). This may be any string value that does not contain spaces.","","","","","","","","","",,,,,"",,,,"Element.id",0,1,"","","n/a"
"PlanDefinition.action.participant.extension","PlanDefinition.action.participant.extension","","extensions
user content","",0,*,"","","","Extension {[]} {[]}
","Additional content defined by implementations","May be used to represent additional information that is not part of the basic definition of the element. To make the use of extensions safe and manageable, there is a strict set of governance  applied to the definition and use of extensions. Though any implementer can define an extension, there is a set of requirements that SHALL be met as part of the definition of the extension.","There can be no stigma associated with the use of extensions by any application, project, or standard - regardless of the institution or jurisdiction that uses or defines the extensions.  The use of extensions is what allows the FHIR specification to retain a core level of simplicity for everyone.","","","","","","","","",,,,,"",,,,"Element.extension",0,*,"","ele-1:All FHIR elements must have a @value or children {hasValue() or (children().count() > id.count())}
ext-1:Must have either extensions or value[x], not both {extension.exists() != value.exists()}","n/a"
"PlanDefinition.action.participant.modifierExtension","PlanDefinition.action.participant.modifierExtension","","extensions
user contentmodifiers","",0,*,"","Y","Y","Extension {[]} {[]}
","Extensions that cannot be ignored even if unrecognized","May be used to represent additional information that is not part of the basic definition of the element and that modifies the understanding of the element in which it is contained and/or the understanding of the containing element's descendants. Usually modifier elements provide negation or qualification. To make the use of extensions safe and manageable, there is a strict set of governance applied to the definition and use of extensions. Though any implementer can define an extension, there is a set of requirements that SHALL be met as part of the definition of the extension. Applications processing a resource are required to check for modifier extensions.

Modifier extensions SHALL NOT change the meaning of any elements on Resource or DomainResource (including cannot change the meaning of modifierExtension itself).","There can be no stigma associated with the use of extensions by any application, project, or standard - regardless of the institution or jurisdiction that uses or defines the extensions.  The use of extensions is what allows the FHIR specification to retain a core level of simplicity for everyone.","Modifier extensions allow for extensions that *cannot* be safely ignored to be clearly distinguished from the vast majority of extensions which can be safely ignored.  This promotes interoperability by eliminating the need for implementers to prohibit the presence of extensions. For further information, see the [definition of modifier extensions](http://hl7.org/fhir/R4/extensibility.html#modifierExtension).","","","","","","","",,,,,"",,,,"BackboneElement.modifierExtension",0,*,"","ele-1:All FHIR elements must have a @value or children {hasValue() or (children().count() > id.count())}
ext-1:Must have either extensions or value[x], not both {extension.exists() != value.exists()}","N/A"
"PlanDefinition.action.participant.type","PlanDefinition.action.participant.type","","","",1,1,"","","","code {[]} {[]}
","patient | practitioner | related-person | device","The type of participant in the action.","","","","","","","","","",,"required","The type of participant for the action.","http://hl7.org/fhir/ValueSet/action-participant-type|4.0.1","",,,,"PlanDefinition.action.participant.type",1,1,"","ele-1:All FHIR elements must have a @value or children {hasValue() or (children().count() > id.count())}
"
"PlanDefinition.action.participant.role","PlanDefinition.action.participant.role","","","",0,1,"","","","CodeableConcept {[]} {[]}
","E.g. Nurse, Surgeon, Parent","The role the participant should play in performing the described action.","","","","","","","","","",,"example","Defines roles played by participants for the action.","http://hl7.org/fhir/ValueSet/action-participant-role","",,,,"PlanDefinition.action.participant.role",0,1,"","ele-1:All FHIR elements must have a @value or children {hasValue() or (children().count() > id.count())}
"
"PlanDefinition.action.type","PlanDefinition.action.type","","","",0,1,"","","","CodeableConcept {[]} {[]}
","create | update | remove | fire-event","The type of action to perform (create, update, remove).","","","","","","","","","",,"extensible","The type of action to be performed.","http://hl7.org/fhir/ValueSet/action-type","",,,,"PlanDefinition.action.type",0,1,"","ele-1:All FHIR elements must have a @value or children {hasValue() or (children().count() > id.count())}
"
"PlanDefinition.action.groupingBehavior","PlanDefinition.action.groupingBehavior","","","",0,1,"","","","code {[]} {[]}
","visual-group | logical-group | sentence-group","Defines the grouping behavior for the action and its children.","","","","","","","","","",,"required","Defines organization behavior of a group.","http://hl7.org/fhir/ValueSet/action-grouping-behavior|4.0.1","",,,,"PlanDefinition.action.groupingBehavior",0,1,"","ele-1:All FHIR elements must have a @value or children {hasValue() or (children().count() > id.count())}
"
"PlanDefinition.action.selectionBehavior","PlanDefinition.action.selectionBehavior","","","",0,1,"","","","code {[]} {[]}
","any | all | all-or-none | exactly-one | at-most-one | one-or-more","Defines the selection behavior for the action and its children.","","","","","","","","","",,"required","Defines selection behavior of a group.","http://hl7.org/fhir/ValueSet/action-selection-behavior|4.0.1","",,,,"PlanDefinition.action.selectionBehavior",0,1,"","ele-1:All FHIR elements must have a @value or children {hasValue() or (children().count() > id.count())}
"
"PlanDefinition.action.requiredBehavior","PlanDefinition.action.requiredBehavior","","","",0,1,"","","","code {[]} {[]}
","must | could | must-unless-documented","Defines the required behavior for the action.","","","","","","","","","",,"required","Defines expectations around whether an action or action group is required.","http://hl7.org/fhir/ValueSet/action-required-behavior|4.0.1","",,,,"PlanDefinition.action.requiredBehavior",0,1,"","ele-1:All FHIR elements must have a @value or children {hasValue() or (children().count() > id.count())}
"
"PlanDefinition.action.precheckBehavior","PlanDefinition.action.precheckBehavior","","","",0,1,"","","","code {[]} {[]}
","yes | no","Defines whether the action should usually be preselected.","","","","","","","","","",,"required","Defines selection frequency behavior for an action or group.","http://hl7.org/fhir/ValueSet/action-precheck-behavior|4.0.1","",,,,"PlanDefinition.action.precheckBehavior",0,1,"","ele-1:All FHIR elements must have a @value or children {hasValue() or (children().count() > id.count())}
"
"PlanDefinition.action.cardinalityBehavior","PlanDefinition.action.cardinalityBehavior","","","",0,1,"","","","code {[]} {[]}
","single | multiple","Defines whether the action can be selected multiple times.","","","","","","","","","",,"required","Defines behavior for an action or a group for how many times that item may be repeated.","http://hl7.org/fhir/ValueSet/action-cardinality-behavior|4.0.1","",,,,"PlanDefinition.action.cardinalityBehavior",0,1,"","ele-1:All FHIR elements must have a @value or children {hasValue() or (children().count() > id.count())}
"
"PlanDefinition.action.definition[x]","PlanDefinition.action.definition[x]","","","",0,1,"","","","canonical {[]} {[CanonicalType[http://hl7.org/fhir/StructureDefinition/ActivityDefinition], CanonicalType[http://hl7.org/fhir/StructureDefinition/PlanDefinition], CanonicalType[http://hl7.org/fhir/StructureDefinition/Questionnaire]]}
uri {[]} {[]}","Description of the activity to be performed","A reference to an ActivityDefinition that describes the action to be taken in detail, or a PlanDefinition that describes a series of actions to be taken.","Note that the definition is optional, and if no definition is specified, a dynamicValue with a root ($this) path can be used to define the entire resource dynamically.","","","","","","","","",,,,,"",,,,"PlanDefinition.action.definition[x]",0,1,"","ele-1:All FHIR elements must have a @value or children {hasValue() or (children().count() > id.count())}
","Definition.derivedFrom"
"PlanDefinition.action.transform","PlanDefinition.action.transform","","","",0,1,"","","","canonical {[]} {[CanonicalType[http://hl7.org/fhir/StructureDefinition/StructureMap]]}
","Transform to apply the template","A reference to a StructureMap resource that defines a transform that can be executed to produce the intent resource using the ActivityDefinition instance as the input.","Note that when a referenced ActivityDefinition also defines a transform, the transform specified here generally takes precedence. In addition, if both a transform and dynamic values are specific, the dynamic values are applied to the result of the transform.","","","","","","","","",,,,,"",,,,"PlanDefinition.action.transform",0,1,"","ele-1:All FHIR elements must have a @value or children {hasValue() or (children().count() > id.count())}
"
"PlanDefinition.action.dynamicValue","PlanDefinition.action.dynamicValue","","","",0,*,"","","","BackboneElement {[]} {[]}
","Dynamic aspects of the definition","Customizations that should be applied to the statically defined resource. For example, if the dosage of a medication must be computed based on the patient's weight, a customization would be used to specify an expression that calculated the weight, and the path on the resource that would contain the result.","Dynamic values are applied in the order in which they are defined in the PlanDefinition resource. Note that when dynamic values are also specified by a referenced ActivityDefinition, the dynamicValues from the ActivityDefinition are applied first, followed by the dynamicValues specified here. In addition, if both a transform and dynamic values are specific, the dynamic values are applied to the result of the transform.","","","","","","","","",,,,,"",,,,"PlanDefinition.action.dynamicValue",0,*,"","ele-1:All FHIR elements must have a @value or children {hasValue() or (children().count() > id.count())}
"
"PlanDefinition.action.dynamicValue.id","PlanDefinition.action.dynamicValue.id","","","",0,1,"","","","string {[]} {[]}
","Unique id for inter-element referencing","Unique id for the element within a resource (for internal references). This may be any string value that does not contain spaces.","","","","","","","","","",,,,,"",,,,"Element.id",0,1,"","","n/a"
"PlanDefinition.action.dynamicValue.extension","PlanDefinition.action.dynamicValue.extension","","extensions
user content","",0,*,"","","","Extension {[]} {[]}
","Additional content defined by implementations","May be used to represent additional information that is not part of the basic definition of the element. To make the use of extensions safe and manageable, there is a strict set of governance  applied to the definition and use of extensions. Though any implementer can define an extension, there is a set of requirements that SHALL be met as part of the definition of the extension.","There can be no stigma associated with the use of extensions by any application, project, or standard - regardless of the institution or jurisdiction that uses or defines the extensions.  The use of extensions is what allows the FHIR specification to retain a core level of simplicity for everyone.","","","","","","","","",,,,,"",,,,"Element.extension",0,*,"","ele-1:All FHIR elements must have a @value or children {hasValue() or (children().count() > id.count())}
ext-1:Must have either extensions or value[x], not both {extension.exists() != value.exists()}","n/a"
"PlanDefinition.action.dynamicValue.modifierExtension","PlanDefinition.action.dynamicValue.modifierExtension","","extensions
user contentmodifiers","",0,*,"","Y","Y","Extension {[]} {[]}
","Extensions that cannot be ignored even if unrecognized","May be used to represent additional information that is not part of the basic definition of the element and that modifies the understanding of the element in which it is contained and/or the understanding of the containing element's descendants. Usually modifier elements provide negation or qualification. To make the use of extensions safe and manageable, there is a strict set of governance applied to the definition and use of extensions. Though any implementer can define an extension, there is a set of requirements that SHALL be met as part of the definition of the extension. Applications processing a resource are required to check for modifier extensions.

Modifier extensions SHALL NOT change the meaning of any elements on Resource or DomainResource (including cannot change the meaning of modifierExtension itself).","There can be no stigma associated with the use of extensions by any application, project, or standard - regardless of the institution or jurisdiction that uses or defines the extensions.  The use of extensions is what allows the FHIR specification to retain a core level of simplicity for everyone.","Modifier extensions allow for extensions that *cannot* be safely ignored to be clearly distinguished from the vast majority of extensions which can be safely ignored.  This promotes interoperability by eliminating the need for implementers to prohibit the presence of extensions. For further information, see the [definition of modifier extensions](http://hl7.org/fhir/R4/extensibility.html#modifierExtension).","","","","","","","",,,,,"",,,,"BackboneElement.modifierExtension",0,*,"","ele-1:All FHIR elements must have a @value or children {hasValue() or (children().count() > id.count())}
ext-1:Must have either extensions or value[x], not both {extension.exists() != value.exists()}","N/A"
"PlanDefinition.action.dynamicValue.path","PlanDefinition.action.dynamicValue.path","","","",0,1,"","","","string {[]} {[]}
","The path to the element to be set dynamically","The path to the element to be customized. This is the path on the resource that will hold the result of the calculation defined by the expression. The specified path SHALL be a FHIRPath resolveable on the specified target type of the ActivityDefinition, and SHALL consist only of identifiers, constant indexers, and a restricted subset of functions. The path is allowed to contain qualifiers (.) to traverse sub-elements, as well as indexers ([x]) to traverse multiple-cardinality sub-elements (see the [Simple FHIRPath Profile](http://hl7.org/fhir/R4/fhirpath.html#simple) for full details).","To specify the path to the current action being realized, the %action environment variable is available in this path. For example, to specify the description element of the target action, the path would be %action.description. The path attribute contains a [Simple FHIRPath Subset](http://hl7.org/fhir/R4/fhirpath.html#simple) that allows path traversal, but not calculation.","","","","","","","","",,,,,"",,,,"PlanDefinition.action.dynamicValue.path",0,1,"","ele-1:All FHIR elements must have a @value or children {hasValue() or (children().count() > id.count())}
"
"PlanDefinition.action.dynamicValue.expression","PlanDefinition.action.dynamicValue.expression","","","",0,1,"","","","Expression {[]} {[]}
","An expression that provides the dynamic value for the customization","An expression specifying the value of the customized element.","The expression may be inlined or may be a reference to a named expression within a logic library referenced by the library element.","","","","","","","","",,,,,"",,,,"PlanDefinition.action.dynamicValue.expression",0,1,"","ele-1:All FHIR elements must have a @value or children {hasValue() or (children().count() > id.count())}
"
"PlanDefinition.action.action","PlanDefinition.action.action","","","",0,*,"","","","null {[]} {[]}
","A sub-action","Sub actions that are contained within the action. The behavior of this action determines the functionality of the sub-actions. For example, a selection behavior of at-most-one indicates that of the sub-actions, at most one may be chosen as part of realizing the action definition.","","","","","","","","","",,,,,"",,,,"PlanDefinition.action.action",0,*,"","ele-1:All FHIR elements must have a @value or children {hasValue() or (children().count() > id.count())}
","{InverseRelationship of Definition.partOf}"
