"Id","Path","Slice Name","Alias(s)","Label","Min","Max","Must Support?","Is Modifier?","Is Summary?","Type(s)","Short","Definition","Comments","Requirements","Default Value","Meaning When Missing","Fixed Value","Pattern","Example","Minimum Value","Maximum Value","Maximum Length","Binding Strength","Binding Description","Binding Value Set","Code","Slicing Discriminator","Slicing Description","Slicing Ordered","Slicing Rules","Base Path","Base Min","Base Max","Condition(s)","Constraint(s)","Mapping: RIM Mapping","Mapping: Workflow Pattern","Mapping: FiveWs Pattern Mapping","Mapping: Object Implementation Information","Mapping: ISO 11179"
"StructureDefinition","StructureDefinition","","Template
Profile","",1,1,"","","","null {[]} {[]}
","Structural Definition","A definition of a FHIR structure. This resource is used to describe the underlying resources, data types defined in FHIR, and also for describing extensions and constraints on resources and data types.","","","","","","","","","",,,,,"",,,,"StructureDefinition",0,*,"","dom-2:If the resource is contained in another resource, it SHALL NOT contain nested Resources {contained.contained.empty()}
dom-3:If the resource is contained in another resource, it SHALL be referred to from elsewhere in the resource or SHALL refer to the containing resource {contained.where((('#'+id in (%resource.descendants().reference | %resource.descendants().as(canonical) | %resource.descendants().as(uri) | %resource.descendants().as(url))) or descendants().where(reference = '#').exists() or descendants().where(as(canonical) = '#').exists() or descendants().where(as(canonical) = '#').exists()).not()).trace('unmatched', id).empty()}dom-4:If a resource is contained in another resource, it SHALL NOT have a meta.versionId or a meta.lastUpdated {contained.meta.versionId.empty() and contained.meta.lastUpdated.empty()}dom-5:If a resource is contained in another resource, it SHALL NOT have a security label {contained.meta.security.empty()}dom-6:A resource should have narrative for robust management {text.`div`.exists()}sdf-0:Name should be usable as an identifier for the module by machine processing applications such as code generation {name.matches('[A-Z]([A-Za-z0-9_]){0,254}')}sdf-1:Element paths must be unique unless the structure is a constraint {derivation = 'constraint' or snapshot.element.select(path).isDistinct()}sdf-15a:If the first element in a differential has no ""."" in the path and it's not a logical model, it has no type {(kind!='logical'  and differential.element.first().path.contains('.').not()) implies differential.element.first().type.empty()}sdf-4:If the structure is not abstract, then there SHALL be a baseDefinition {abstract = true or baseDefinition.exists()}sdf-5:If the structure defines an extension then the structure must have context information {type != 'Extension' or derivation = 'specialization' or (context.exists())}sdf-6:A structure must have either a differential, or a snapshot (or both) {snapshot.exists() or differential.exists()}sdf-9:In any snapshot or differential, no label, code or requirements on an element without a ""."" in the path (e.g. the first element) {children().element.where(path.contains('.').not()).label.empty() and children().element.where(path.contains('.').not()).code.empty() and children().element.where(path.contains('.').not()).requirements.empty()}sdf-11:If there's a type, its content must match the path name in the first element of a snapshot {kind != 'logical' implies snapshot.empty() or snapshot.element.first().path = type}sdf-14:All element definitions must have an id {snapshot.element.all(id.exists()) and differential.element.all(id.exists())}sdf-15:The first element in a snapshot has no type unless model is a logical model. {kind!='logical' implies snapshot.element.first().type.empty()}sdf-16:All element definitions must have unique ids (snapshot) {snapshot.element.all(id.exists()) and snapshot.element.id.trace('ids').isDistinct()}sdf-17:All element definitions must have unique ids (diff) {differential.element.all(id.exists()) and differential.element.id.trace('ids').isDistinct()}sdf-18:Context Invariants can only be used for extensions {contextInvariant.exists() implies type = 'Extension'}sdf-19:FHIR Specification models only use FHIR defined types {url.startsWith('http://hl7.org/fhir/StructureDefinition') implies (differential.element.type.code.all(matches('^[a-zA-Z0-9]+$') or matches('^http:\\/\\/hl7\\.org\\/fhirpath\\/System\\.[A-Z][A-Za-z]+$')) and snapshot.element.type.code.all(matches('^[a-zA-Z0-9\\.]+$') or matches('^http:\\/\\/hl7\\.org\\/fhirpath\\/System\\.[A-Z][A-Za-z]+$')))}sdf-21:Default values can only be specified on specializations {differential.element.defaultValue.exists() implies (derivation = 'specialization')}sdf-22:FHIR Specification models never have default values {url.startsWith('http://hl7.org/fhir/StructureDefinition') implies (snapshot.element.defaultValue.empty() and differential.element.defaultValue.empty())}sdf-23:No slice name on root {(snapshot | differential).element.all(path.contains('.').not() implies sliceName.empty())}","Entity. Role, or Act","n/a"
"StructureDefinition.id","StructureDefinition.id","","","",0,1,"","","Y","id {[]} {[]}
","Logical id of this artifact","The logical id of the resource, as used in the URL for the resource. Once assigned, this value never changes.","The only time that a resource does not have an id is when it is being submitted to the server using a create operation.","","","","","","","","",,,,,"",,,,"Resource.id",0,1,"",""
"StructureDefinition.meta","StructureDefinition.meta","","","",0,1,"","","Y","Meta {[]} {[]}
","Metadata about the resource","The metadata about the resource. This is content that is maintained by the infrastructure. Changes to the content might not always be associated with version changes to the resource.","","","","","","","","","",,,,,"",,,,"Resource.meta",0,1,"","ele-1:All FHIR elements must have a @value or children {hasValue() or (children().count() > id.count())}
"
"StructureDefinition.implicitRules","StructureDefinition.implicitRules","","","",0,1,"","Y","Y","uri {[]} {[]}
","A set of rules under which this content was created","A reference to a set of rules that were followed when the resource was constructed, and which must be understood when processing the content. Often, this is a reference to an implementation guide that defines the special rules along with other profiles etc.","Asserting this rule set restricts the content to be only understood by a limited set of trading partners. This inherently limits the usefulness of the data in the long term. However, the existing health eco-system is highly fractured, and not yet ready to define, collect, and exchange data in a generally computable sense. Wherever possible, implementers and/or specification writers should avoid using this element. Often, when used, the URL is a reference to an implementation guide that defines these special rules as part of it's narrative along with other profiles, value sets, etc.","","","","","","","","",,,,,"",,,,"Resource.implicitRules",0,1,"","ele-1:All FHIR elements must have a @value or children {hasValue() or (children().count() > id.count())}
"
"StructureDefinition.language","StructureDefinition.language","","","",0,1,"","","","code {[]} {[]}
","Language of the resource content","The base language in which the resource is written.","Language is provided to support indexing and accessibility (typically, services such as text to speech use the language tag). The html language tag in the narrative applies  to the narrative. The language tag on the resource may be used to specify the language of other presentations generated from the data in the resource. Not all the content has to be in the base language. The Resource.language should not be assumed to apply to the narrative automatically. If a language is specified, it should it also be specified on the div element in the html (see rules in HTML5 for information about the relationship between xml:lang and the html lang attribute).","","","","","","","","",,"preferred","A human language.","http://hl7.org/fhir/ValueSet/languages","",,,,"Resource.language",0,1,"","ele-1:All FHIR elements must have a @value or children {hasValue() or (children().count() > id.count())}
"
"StructureDefinition.text","StructureDefinition.text","","narrative
htmlxhtmldisplay","",0,1,"","","","Narrative {[]} {[]}
","Text summary of the resource, for human interpretation","A human-readable narrative that contains a summary of the resource and can be used to represent the content of the resource to a human. The narrative need not encode all the structured data, but is required to contain sufficient detail to make it ""clinically safe"" for a human to just read the narrative. Resource definitions may define what content should be represented in the narrative to ensure clinical safety.","Contained resources do not have narrative. Resources that are not contained SHOULD have a narrative. In some cases, a resource may only have text with little or no additional discrete data (as long as all minOccurs=1 elements are satisfied).  This may be necessary for data from legacy systems where information is captured as a ""text blob"" or where text is additionally entered raw or narrated and encoded information is added later.","","","","","","","","",,,,,"",,,,"DomainResource.text",0,1,"","ele-1:All FHIR elements must have a @value or children {hasValue() or (children().count() > id.count())}
","Act.text?"
"StructureDefinition.contained","StructureDefinition.contained","","inline resources
anonymous resourcescontained resources","",0,*,"","","","Resource {[]} {[]}
","Contained, inline Resources","These resources do not have an independent existence apart from the resource that contains them - they cannot be identified independently, and nor can they have their own independent transaction scope.","This should never be done when the content can be identified properly, as once identification is lost, it is extremely difficult (and context dependent) to restore it again. Contained resources may have profiles and tags In their meta elements, but SHALL NOT have security labels.","","","","","","","","",,,,,"",,,,"DomainResource.contained",0,*,"","","N/A"
"StructureDefinition.extension","StructureDefinition.extension","","","",0,*,"","","","Extension {[]} {[]}
","Extension","An Extension","","","","","","","","","",,,,,"","value:url}
","",,"open","DomainResource.extension",0,*,"","ele-1:All FHIR elements must have a @value or children {hasValue() or (children().count() > id.count())}
ext-1:Must have either extensions or value[x], not both {extension.exists() != value.exists()}"
"StructureDefinition.extension:knowledgeCapability","StructureDefinition.extension","knowledgeCapability","","",0,*,"Y","","","Extension {[CanonicalType[http://hl7.org/fhir/StructureDefinition/cqf-knowledgeCapability]]} {[]}
","shareable | computable | publishable | executable","Defines a knowledge capability afforded by this knowledge artifact.","","","","","","","","","",,,,,"",,,,"DomainResource.extension",0,*,"","ele-1:All FHIR elements must have a @value or children {hasValue() or (children().count() > id.count())}
ext-1:Must have either extensions or value[x], not both {extension.exists() != value.exists()}"
"StructureDefinition.extension:artifactComment","StructureDefinition.extension","artifactComment","","",0,*,"Y","","","Extension {[CanonicalType[http://hl7.org/fhir/StructureDefinition/cqf-artifactComment]]} {[]}
","Additional documentation, review, or usage guidance","A comment containing additional documentation, a review comment, usage guidance, or other relevant information from a particular user.","","","","","","","","","",,,,,"",,,,"DomainResource.extension",0,*,"","ele-1:All FHIR elements must have a @value or children {hasValue() or (children().count() > id.count())}
ext-1:Must have either extensions or value[x], not both {extension.exists() != value.exists()}"
"StructureDefinition.extension:versionAlgorithm","StructureDefinition.extension","versionAlgorithm","","",0,1,"Y","","","Extension {[CanonicalType[http://hl7.org/fhir/StructureDefinition/artifact-versionAlgorithm]]} {[]}
","How to compare versions","Indicates the mechanism used to compare versions to determine which is more current.","If set as a string, this is a FHIRPath expression that has two additional context variables passed in - %version1 and %version2 and will return a negative number if version1 is newer, a positive number if version2 and a 0 if the version ordering can't be successfully be determined.","","","","","","","","",,,,,"",,,,"DomainResource.extension",0,*,"","ele-1:All FHIR elements must have a @value or children {hasValue() or (children().count() > id.count())}
ext-1:Must have either extensions or value[x], not both {extension.exists() != value.exists()}"
"StructureDefinition.extension:versionPolicy","StructureDefinition.extension","versionPolicy","","",0,1,"Y","","","Extension {[CanonicalType[http://hl7.org/fhir/StructureDefinition/artifact-versionPolicy]]} {[]}
","metadata | strict","Defines the versioning policy of the artifact.","","","","","","","","","",,,,,"",,,,"DomainResource.extension",0,*,"","ele-1:All FHIR elements must have a @value or children {hasValue() or (children().count() > id.count())}
ext-1:Must have either extensions or value[x], not both {extension.exists() != value.exists()}"
"StructureDefinition.modifierExtension","StructureDefinition.modifierExtension","","extensions
user content","",0,*,"","Y","","Extension {[]} {[]}
","Extensions that cannot be ignored","May be used to represent additional information that is not part of the basic definition of the resource and that modifies the understanding of the element that contains it and/or the understanding of the containing element's descendants. Usually modifier elements provide negation or qualification. To make the use of extensions safe and manageable, there is a strict set of governance applied to the definition and use of extensions. Though any implementer is allowed to define an extension, there is a set of requirements that SHALL be met as part of the definition of the extension. Applications processing a resource are required to check for modifier extensions.

Modifier extensions SHALL NOT change the meaning of any elements on Resource or DomainResource (including cannot change the meaning of modifierExtension itself).","There can be no stigma associated with the use of extensions by any application, project, or standard - regardless of the institution or jurisdiction that uses or defines the extensions.  The use of extensions is what allows the FHIR specification to retain a core level of simplicity for everyone.","Modifier extensions allow for extensions that *cannot* be safely ignored to be clearly distinguished from the vast majority of extensions which can be safely ignored.  This promotes interoperability by eliminating the need for implementers to prohibit the presence of extensions. For further information, see the [definition of modifier extensions](http://hl7.org/fhir/R4/extensibility.html#modifierExtension).","","","","","","","",,,,,"",,,,"DomainResource.modifierExtension",0,*,"","ele-1:All FHIR elements must have a @value or children {hasValue() or (children().count() > id.count())}
ext-1:Must have either extensions or value[x], not both {extension.exists() != value.exists()}","N/A"
"StructureDefinition.url","StructureDefinition.url","","url
authoritative-urldestinationidentity","",1,1,"Y","","Y","uri {[]} {[]}
","Canonical identifier for this structure definition, represented as a URI (globally unique)","An absolute URI that is used to identify this structure definition when it is referenced in a specification, model, design or an instance; also called its canonical identifier. This SHOULD be globally unique and SHOULD be a literal address at which at which an authoritative instance of this structure definition is (or will be) published. This URL can be the target of a canonical reference. It SHALL remain the same when the structure definition is stored on different servers.","Can be a urn:uuid: or a urn:oid: but real http: addresses are preferred.  Multiple instances may share the same URL if they have a distinct version.

The determination of when to create a new version of a resource (same url, new version) vs. defining a new artifact is up to the author.  Considerations for making this decision are found in [Technical and Business Versions](http://hl7.org/fhir/R4/resource.html#versions). 

In some cases, the resource can no longer be found at the stated url, but the url itself cannot change. Implementations can use the [meta.source](http://hl7.org/fhir/R4/resource.html#meta) element to indicate where the current master source of the resource can be found.","Allows the structure definition to be referenced by a single globally unique identifier.","","","","","","","",,,,,"",,,,"StructureDefinition.url",1,1,"","ele-1:All FHIR elements must have a @value or children {hasValue() or (children().count() > id.count())}
","Definition.url","FiveWs.identifier"
"StructureDefinition.identifier","StructureDefinition.identifier","","","",0,*,"","","Y","Identifier {[]} {[]}
","Additional identifier for the structure definition","A formal identifier that is used to identify this structure definition when it is represented in other formats, or referenced in a specification, model, design or an instance.","Typically, this is used for identifiers that can go in an HL7 V3 II (instance identifier) data type, and can then identify this structure definition outside of FHIR, where it is not possible to use the logical URI.","Allows externally provided and/or usable business identifiers to be easily associated with the module.","","","","","","","",,,,,"",,,,"StructureDefinition.identifier",0,*,"","ele-1:All FHIR elements must have a @value or children {hasValue() or (children().count() > id.count())}
","Definition.identifier","FiveWs.identifier","no-gen-base","Identifier part"
"StructureDefinition.version","StructureDefinition.version","","","",1,1,"Y","","Y","string {[]} {[]}
","Business version of the structure definition","The identifier that is used to identify this version of the structure definition when it is referenced in a specification, model, design or instance. This is an arbitrary value managed by the structure definition author and is not expected to be globally unique. For example, it might be a timestamp (e.g. yyyymmdd) if a managed version is not available. There is also no expectation that versions can be placed in a lexicographical sequence.","There may be different structure definition instances that have the same identifier but different versions.  The version can be appended to the url in a reference to allow a reference to a particular business version of the structure definition with the format [url]|[version].","","","","","","","","",,,,,"",,,,"StructureDefinition.version",0,1,"","ele-1:All FHIR elements must have a @value or children {hasValue() or (children().count() > id.count())}
","Definition.version","FiveWs.version","Version"
"StructureDefinition.name","StructureDefinition.name","","","",1,1,"Y","","Y","string {[]} {[]}
","Name for this structure definition (computer friendly)","A natural language name identifying the structure definition. This name should be usable as an identifier for the module by machine processing applications such as code generation.","The name is not expected to be globally unique. The name should be a simple alphanumeric type name to ensure that it is machine-processing friendly.Some Examples: 

* O2SatObservation
* PresentationReport
* Immunization2
* AcmeAdmissionRecordOld.","Support human navigation and code generation.","","","","","","","",,,,,"",,,,"StructureDefinition.name",1,1,"inv-0
","ele-1:All FHIR elements must have a @value or children {hasValue() or (children().count() > id.count())}
"
"StructureDefinition.title","StructureDefinition.title","","","",1,1,"Y","","Y","string {[]} {[]}
","Name for this structure definition (human friendly)","A short, descriptive, user-friendly title for the structure definition.","This name does not need to be machine-processing friendly and may contain punctuation, white-space, etc.Applications don't have to use this name but can always fall back to it. The title also corresponds to the label for the root element.","","","","","","","","",,,,,"",,,,"StructureDefinition.title",0,1,"","ele-1:All FHIR elements must have a @value or children {hasValue() or (children().count() > id.count())}
","Definition.title"
"StructureDefinition.status","StructureDefinition.status","","","",1,1,"Y","Y","Y","code {[]} {[]}
","draft | active | retired | unknown","The status of this structure definition. Enables tracking the life-cycle of the content.","Allows filtering of structure definitions that are appropriate for use versus not.","","","","","","","","",,"required","The lifecycle status of an artifact.","http://hl7.org/fhir/ValueSet/publication-status|4.0.1","",,,,"StructureDefinition.status",1,1,"","ele-1:All FHIR elements must have a @value or children {hasValue() or (children().count() > id.count())}
","Definition.status","FiveWs.status","Registration status"
"StructureDefinition.experimental","StructureDefinition.experimental","","","",1,1,"Y","","Y","boolean {[]} {[]}
","For testing purposes, not real usage","A Boolean value to indicate that this structure definition is authored for testing purposes (or education/evaluation/marketing) and is not intended to be used for genuine usage.","Allows filtering of structure definitions that are appropriate for use versus not.","Enables experimental content to be developed following the same lifecycle that would be used for a production-level structure definition.","","","","","","","",,,,,"",,,,"StructureDefinition.experimental",0,1,"","ele-1:All FHIR elements must have a @value or children {hasValue() or (children().count() > id.count())}
","Definition.experimental","FiveWs.class","Registration status"
"StructureDefinition.date","StructureDefinition.date","","Revision Date
","",0,1,"","","Y","dateTime {[]} {[]}
","Date last changed","The date  (and optionally time) when the structure definition was published. The date must change when the business version changes and it must change if the status code changes. In addition, it should change when the substantive content of the structure definition changes.","Note that this is not the same as the resource last-modified-date, since the resource may be a secondary representation of the structure definition. Additional specific dates may be added as extensions or be found by consulting Provenances associated with past versions of the resource.","","","","","","","","",,,,,"",,,,"StructureDefinition.date",0,1,"","ele-1:All FHIR elements must have a @value or children {hasValue() or (children().count() > id.count())}
","Definition.date","FiveWs.recorded"
"StructureDefinition.publisher","StructureDefinition.publisher","","","",1,1,"Y","","Y","string {[]} {[]}
","Name of the publisher (organization or individual)","The name of the organization or individual that published the structure definition.","Usually an organization but may be an individual. The publisher (or steward) of the structure definition is the organization or individual primarily responsible for the maintenance and upkeep of the structure definition. This is not necessarily the same individual or organization that developed and initially authored the content. The publisher is the primary point of contact for questions or issues with the structure definition. This item SHOULD be populated unless the information is available from context.","Helps establish the ""authority/credibility"" of the structure definition.  May also allow for contact.","","","","","","","",,,,,"",,,,"StructureDefinition.publisher",0,1,"","ele-1:All FHIR elements must have a @value or children {hasValue() or (children().count() > id.count())}
","Definition.publisher","FiveWs.witness","Registration Authority"
"StructureDefinition.contact","StructureDefinition.contact","","","",0,*,"","","Y","ContactDetail {[]} {[]}
","Contact details for the publisher","Contact details to assist a user in finding and communicating with the publisher.","May be a web site, an email address, a telephone number, etc.","","","","","","","","",,,,,"",,,,"StructureDefinition.contact",0,*,"","ele-1:All FHIR elements must have a @value or children {hasValue() or (children().count() > id.count())}
","Definition.contact"
"StructureDefinition.description","StructureDefinition.description","","","",1,1,"Y","","","markdown {[]} {[]}
","Natural language description of the structure definition","A free text natural language description of the structure definition from a consumer's perspective.","This description can be used to capture details such as why the structure definition was built, comments about misuse, instructions for clinical use and interpretation, literature references, examples from the paper world, etc. It is not a rendering of the structure definition as conveyed in the 'text' field of the resource itself. This item SHOULD be populated unless the information is available from context (e.g. the language of the structure definition is presumed to be the predominant language in the place the structure definition was created).","","","","","","","","",,,,,"",,,,"StructureDefinition.description",0,1,"","ele-1:All FHIR elements must have a @value or children {hasValue() or (children().count() > id.count())}
","Definition.description"
"StructureDefinition.useContext","StructureDefinition.useContext","","","",0,*,"","","Y","UsageContext {[]} {[]}
","The context that the content is intended to support","The content was developed with a focus and intent of supporting the contexts that are listed. These contexts may be general categories (gender, age, ...) or may be references to specific programs (insurance plans, studies, ...) and may be used to assist with indexing and searching for appropriate structure definition instances.","When multiple useContexts are specified, there is no expectation that all or any of the contexts apply.","Assist in searching for appropriate content.","","","","","","","",,,,,"",,,,"StructureDefinition.useContext",0,*,"","ele-1:All FHIR elements must have a @value or children {hasValue() or (children().count() > id.count())}
","Definition.useContext"
"StructureDefinition.jurisdiction","StructureDefinition.jurisdiction","","","",0,*,"","","Y","CodeableConcept {[]} {[]}
","Intended jurisdiction for structure definition (if applicable)","A legal or geographic region in which the structure definition is intended to be used.","It may be possible for the structure definition to be used in jurisdictions other than those for which it was originally designed or intended.","","","","","","","","",,"extensible","Countries and regions within which this artifact is targeted for use.","http://hl7.org/fhir/ValueSet/jurisdiction","",,,,"StructureDefinition.jurisdiction",0,*,"","ele-1:All FHIR elements must have a @value or children {hasValue() or (children().count() > id.count())}
","Definition.jurisdiction"
"StructureDefinition.purpose","StructureDefinition.purpose","","","",0,1,"","","","markdown {[]} {[]}
","Why this structure definition is defined","Explanation of why this structure definition is needed and why it has been designed as it has.","This element does not describe the usage of the structure definition. Instead, it provides traceability of ''why'' the resource is either needed or ''why'' it is defined as it is.  This may be used to point to source materials or specifications that drove the structure of this structure definition.","","","","","","","","",,,,,"",,,,"StructureDefinition.purpose",0,1,"","ele-1:All FHIR elements must have a @value or children {hasValue() or (children().count() > id.count())}
","Definition.purpose","FiveWs.why[x]","no-gen-base"
"StructureDefinition.copyright","StructureDefinition.copyright","","License
Restrictions","",0,1,"","","","markdown {[]} {[]}
","Use and/or publishing restrictions","A copyright statement relating to the structure definition and/or its contents. Copyright statements are generally legal restrictions on the use and publishing of the structure definition.","","Consumers must be able to determine any legal restrictions on the use of the structure definition and/or its content.","","","","","","","",,,,,"",,,,"StructureDefinition.copyright",0,1,"","ele-1:All FHIR elements must have a @value or children {hasValue() or (children().count() > id.count())}
","Definition.copyright","no-gen-base"
"StructureDefinition.keyword","StructureDefinition.keyword","","","",0,*,"","","Y","Coding {[]} {[]}
","Assist with indexing and finding","A set of key words or terms from external terminologies that may be used to assist with indexing and searching of templates nby describing the use of this structure definition, or the content it describes.","","Assist in searching for appropriate StructureDefinitions.","","","","","","","",,"extensible","Codes for the meaning of the defined structure (SNOMED CT and LOINC codes, as an example).","http://hl7.org/fhir/ValueSet/definition-use","",,,,"StructureDefinition.keyword",0,*,"","ele-1:All FHIR elements must have a @value or children {hasValue() or (children().count() > id.count())}
","keywords"
"StructureDefinition.fhirVersion","StructureDefinition.fhirVersion","","","",0,1,"","","Y","code {[]} {[]}
","FHIR Version this StructureDefinition targets","The version of the FHIR specification on which this StructureDefinition is based - this is the formal version of the specification, without the revision number, e.g. [publication].[major].[minor], which is 4.0.1. for this version.","A StructureDefinition does not need to specify the target it applies to as StructureDefinitions will often be valid across multiple versions of FHIR. FHIR tooling can determine whether a StructureDefinition is consistent with a particular StructureDefinition if desired.","","","","","","","","",,"required","All published FHIR Versions.","http://hl7.org/fhir/ValueSet/FHIR-version|4.0.1","",,,,"StructureDefinition.fhirVersion",0,1,"","ele-1:All FHIR elements must have a @value or children {hasValue() or (children().count() > id.count())}
"
"StructureDefinition.mapping","StructureDefinition.mapping","","","",0,*,"","","","BackboneElement {[]} {[]}
","External specification that the content is mapped to","An external specification that the content is mapped to.","","","","","","","","","",,,,,"",,,,"StructureDefinition.mapping",0,*,"","ele-1:All FHIR elements must have a @value or children {hasValue() or (children().count() > id.count())}
sdf-2:Must have at least a name or a uri (or both) {name.exists() or uri.exists()}"
"StructureDefinition.mapping.id","StructureDefinition.mapping.id","","","",0,1,"","","","string {[]} {[]}
","Unique id for inter-element referencing","Unique id for the element within a resource (for internal references). This may be any string value that does not contain spaces.","","","","","","","","","",,,,,"",,,,"Element.id",0,1,"","","n/a"
"StructureDefinition.mapping.extension","StructureDefinition.mapping.extension","","extensions
user content","",0,*,"","","","Extension {[]} {[]}
","Additional content defined by implementations","May be used to represent additional information that is not part of the basic definition of the element. To make the use of extensions safe and manageable, there is a strict set of governance  applied to the definition and use of extensions. Though any implementer can define an extension, there is a set of requirements that SHALL be met as part of the definition of the extension.","There can be no stigma associated with the use of extensions by any application, project, or standard - regardless of the institution or jurisdiction that uses or defines the extensions.  The use of extensions is what allows the FHIR specification to retain a core level of simplicity for everyone.","","","","","","","","",,,,,"",,,,"Element.extension",0,*,"","ele-1:All FHIR elements must have a @value or children {hasValue() or (children().count() > id.count())}
ext-1:Must have either extensions or value[x], not both {extension.exists() != value.exists()}","n/a"
"StructureDefinition.mapping.modifierExtension","StructureDefinition.mapping.modifierExtension","","extensions
user contentmodifiers","",0,*,"","Y","Y","Extension {[]} {[]}
","Extensions that cannot be ignored even if unrecognized","May be used to represent additional information that is not part of the basic definition of the element and that modifies the understanding of the element in which it is contained and/or the understanding of the containing element's descendants. Usually modifier elements provide negation or qualification. To make the use of extensions safe and manageable, there is a strict set of governance applied to the definition and use of extensions. Though any implementer can define an extension, there is a set of requirements that SHALL be met as part of the definition of the extension. Applications processing a resource are required to check for modifier extensions.

Modifier extensions SHALL NOT change the meaning of any elements on Resource or DomainResource (including cannot change the meaning of modifierExtension itself).","There can be no stigma associated with the use of extensions by any application, project, or standard - regardless of the institution or jurisdiction that uses or defines the extensions.  The use of extensions is what allows the FHIR specification to retain a core level of simplicity for everyone.","Modifier extensions allow for extensions that *cannot* be safely ignored to be clearly distinguished from the vast majority of extensions which can be safely ignored.  This promotes interoperability by eliminating the need for implementers to prohibit the presence of extensions. For further information, see the [definition of modifier extensions](http://hl7.org/fhir/R4/extensibility.html#modifierExtension).","","","","","","","",,,,,"",,,,"BackboneElement.modifierExtension",0,*,"","ele-1:All FHIR elements must have a @value or children {hasValue() or (children().count() > id.count())}
ext-1:Must have either extensions or value[x], not both {extension.exists() != value.exists()}","N/A"
"StructureDefinition.mapping.identity","StructureDefinition.mapping.identity","","","",1,1,"","","","id {[]} {[]}
","Internal id when this mapping is used","An Internal id that is used to identify this mapping set when specific mappings are made.","The specification is described once, with general comments, and then specific mappings are made that reference this declaration.","","","","","","","","",,,,,"",,,,"StructureDefinition.mapping.identity",1,1,"","ele-1:All FHIR elements must have a @value or children {hasValue() or (children().count() > id.count())}
"
"StructureDefinition.mapping.uri","StructureDefinition.mapping.uri","","","",0,1,"","","","uri {[]} {[]}
","Identifies what this mapping refers to","An absolute URI that identifies the specification that this mapping is expressed to.","A formal identity for the specification being mapped to helps with identifying maps consistently.","","","","","","","","",,,,,"",,,,"StructureDefinition.mapping.uri",0,1,"sdf-2
","ele-1:All FHIR elements must have a @value or children {hasValue() or (children().count() > id.count())}
"
"StructureDefinition.mapping.name","StructureDefinition.mapping.name","","","",0,1,"","","","string {[]} {[]}
","Names what this mapping refers to","A name for the specification that is being mapped to.","","","","","","","","","",,,,,"",,,,"StructureDefinition.mapping.name",0,1,"sdf-2
","ele-1:All FHIR elements must have a @value or children {hasValue() or (children().count() > id.count())}
"
"StructureDefinition.mapping.comment","StructureDefinition.mapping.comment","","","",0,1,"","","","string {[]} {[]}
","Versions, Issues, Scope limitations etc.","Comments about this mapping, including version notes, issues, scope limitations, and other important notes for usage.","","","","","","","","","",,,,,"",,,,"StructureDefinition.mapping.comment",0,1,"","ele-1:All FHIR elements must have a @value or children {hasValue() or (children().count() > id.count())}
"
"StructureDefinition.kind","StructureDefinition.kind","","","",1,1,"","","Y","code {[]} {[]}
","primitive-type | complex-type | resource | logical","Defines the kind of structure that this definition is describing.","","","","","","","","","",,"required","Defines the type of structure that a definition is describing.","http://hl7.org/fhir/ValueSet/structure-definition-kind|4.0.1","",,,,"StructureDefinition.kind",1,1,"","ele-1:All FHIR elements must have a @value or children {hasValue() or (children().count() > id.count())}
"
"StructureDefinition.abstract","StructureDefinition.abstract","","","",1,1,"","","Y","boolean {[]} {[]}
","Whether the structure is abstract","Whether structure this definition describes is abstract or not  - that is, whether the structure is not intended to be instantiated. For Resources and Data types, abstract types will never be exchanged  between systems.","Abstract Resources cannot be instantiated - a concrete sub-type must be used. Abstract datatypes and extensions cannot be used in an instance. For logical models, the exact implication of ""abstract"" will rest with the author, depending how the logical model is used. Flagging a constraint structure as abstract conveys design intent but makes no difference to how the structure definition is handled. Note that inline declared elements that are given the type ""Element"" in the StructureDefinition, but have children described, are anonymous concrete types that specialize Element.","","","","","","","","",,,,,"",,,,"StructureDefinition.abstract",1,1,"","ele-1:All FHIR elements must have a @value or children {hasValue() or (children().count() > id.count())}
"
"StructureDefinition.context","StructureDefinition.context","","","",0,*,"","","Y","BackboneElement {[]} {[]}
","If an extension, where it can be used in instances","Identifies the types of resource or data type elements to which the extension can be applied.","","","","","","","","","",,,,,"",,,,"StructureDefinition.context",0,*,"sdf-5
","ele-1:All FHIR elements must have a @value or children {hasValue() or (children().count() > id.count())}
"
"StructureDefinition.context.id","StructureDefinition.context.id","","","",0,1,"","","","string {[]} {[]}
","Unique id for inter-element referencing","Unique id for the element within a resource (for internal references). This may be any string value that does not contain spaces.","","","","","","","","","",,,,,"",,,,"Element.id",0,1,"","","n/a"
"StructureDefinition.context.extension","StructureDefinition.context.extension","","extensions
user content","",0,*,"","","","Extension {[]} {[]}
","Additional content defined by implementations","May be used to represent additional information that is not part of the basic definition of the element. To make the use of extensions safe and manageable, there is a strict set of governance  applied to the definition and use of extensions. Though any implementer can define an extension, there is a set of requirements that SHALL be met as part of the definition of the extension.","There can be no stigma associated with the use of extensions by any application, project, or standard - regardless of the institution or jurisdiction that uses or defines the extensions.  The use of extensions is what allows the FHIR specification to retain a core level of simplicity for everyone.","","","","","","","","",,,,,"",,,,"Element.extension",0,*,"","ele-1:All FHIR elements must have a @value or children {hasValue() or (children().count() > id.count())}
ext-1:Must have either extensions or value[x], not both {extension.exists() != value.exists()}","n/a"
"StructureDefinition.context.modifierExtension","StructureDefinition.context.modifierExtension","","extensions
user contentmodifiers","",0,*,"","Y","Y","Extension {[]} {[]}
","Extensions that cannot be ignored even if unrecognized","May be used to represent additional information that is not part of the basic definition of the element and that modifies the understanding of the element in which it is contained and/or the understanding of the containing element's descendants. Usually modifier elements provide negation or qualification. To make the use of extensions safe and manageable, there is a strict set of governance applied to the definition and use of extensions. Though any implementer can define an extension, there is a set of requirements that SHALL be met as part of the definition of the extension. Applications processing a resource are required to check for modifier extensions.

Modifier extensions SHALL NOT change the meaning of any elements on Resource or DomainResource (including cannot change the meaning of modifierExtension itself).","There can be no stigma associated with the use of extensions by any application, project, or standard - regardless of the institution or jurisdiction that uses or defines the extensions.  The use of extensions is what allows the FHIR specification to retain a core level of simplicity for everyone.","Modifier extensions allow for extensions that *cannot* be safely ignored to be clearly distinguished from the vast majority of extensions which can be safely ignored.  This promotes interoperability by eliminating the need for implementers to prohibit the presence of extensions. For further information, see the [definition of modifier extensions](http://hl7.org/fhir/R4/extensibility.html#modifierExtension).","","","","","","","",,,,,"",,,,"BackboneElement.modifierExtension",0,*,"","ele-1:All FHIR elements must have a @value or children {hasValue() or (children().count() > id.count())}
ext-1:Must have either extensions or value[x], not both {extension.exists() != value.exists()}","N/A"
"StructureDefinition.context.type","StructureDefinition.context.type","","","",1,1,"","","Y","code {[]} {[]}
","fhirpath | element | extension","Defines how to interpret the expression that defines what the context of the extension is.","","","","","","","","","",,"required","How an extension context is interpreted.","http://hl7.org/fhir/ValueSet/extension-context-type|4.0.1","",,,,"StructureDefinition.context.type",1,1,"","ele-1:All FHIR elements must have a @value or children {hasValue() or (children().count() > id.count())}
"
"StructureDefinition.context.expression","StructureDefinition.context.expression","","","",1,1,"","","Y","string {[]} {[]}
","Where the extension can be used in instances","An expression that defines where an extension can be used in resources.","","","","","","","","","",,,,,"",,,,"StructureDefinition.context.expression",1,1,"","ele-1:All FHIR elements must have a @value or children {hasValue() or (children().count() > id.count())}
"
"StructureDefinition.contextInvariant","StructureDefinition.contextInvariant","","","",0,*,"","","Y","string {[]} {[]}
","FHIRPath invariants - when the extension can be used","A set of rules as FHIRPath Invariants about when the extension can be used (e.g. co-occurrence variants for the extension). All the rules must be true.","The rules are only evaluated when the extension is present. When evaluating the invariant, the FHIRPath focus is the element that holds the extension, and %extension refers to the extension itself.","","","","","","","","",,,,,"",,,,"StructureDefinition.contextInvariant",0,*,"sdf-18
","ele-1:All FHIR elements must have a @value or children {hasValue() or (children().count() > id.count())}
"
"StructureDefinition.type","StructureDefinition.type","","","",1,1,"","","Y","uri {[]} {[]}
","Type defined or constrained by this structure","The type this structure describes. If the derivation kind is 'specialization' then this is the master definition for a type, and there is always one of these (a data type, an extension, a resource, including abstract ones). Otherwise the structure definition is a constraint on the stated type (and in this case, the type cannot be an abstract type).  References are URLs that are relative to http://hl7.org/fhir/StructureDefinition e.g. ""string"" is a reference to http://hl7.org/fhir/StructureDefinition/string. Absolute URLs are only allowed in logical models.","Note that in the case of constraints, the type could be determined by chasing through the baseDefinition references until a concrete structure (derivation = specialization) is reached, or by looking at the path of the first element in the snapshot - if present - but providing the type directly makes for simpler tooling and indexing. 

The type must match the elements defined in the differential and the snapshot. For all FHIR defined types, the path name of the element will start with the type name. For logical models, where the type is a URL, the type name SHOULD start with the tail of the type URL where required.","","","","","","","","",,"extensible","Either a resource or a data type, including logical model types.","http://hl7.org/fhir/ValueSet/defined-types","",,,,"StructureDefinition.type",1,1,"sdf-11
","ele-1:All FHIR elements must have a @value or children {hasValue() or (children().count() > id.count())}
"
"StructureDefinition.baseDefinition","StructureDefinition.baseDefinition","","","",0,1,"","","Y","canonical {[]} {[CanonicalType[http://hl7.org/fhir/StructureDefinition/StructureDefinition]]}
","Definition that this type is constrained/specialized from","An absolute URI that is the base structure from which this type is derived, either by specialization or constraint.","If differential constraints are specified in this structure, they are applied to the base in a ""differential"" fashion. If there is no base, then the differential constraints cannot be provided (snapshot only). Differential structures are useful for the editing perspective, and snapshot structures are suitable for operational use. The FHIR Project provides a number of tools/services to populate snapshots from differential constraints. Logical Models have a base of ""Element"" or another logical model.","","","","","","","","",,,,,"",,,,"StructureDefinition.baseDefinition",0,1,"sdf-4
","ele-1:All FHIR elements must have a @value or children {hasValue() or (children().count() > id.count())}
"
"StructureDefinition.derivation","StructureDefinition.derivation","","","",0,1,"","","Y","code {[]} {[]}
","specialization | constraint - How relates to base definition","How the type relates to the baseDefinition.","If the definition is a specialization, then it adds new elements in the differential, and the snapshot includes the inherited elements.  If the definition is a constraint, then it cannot define new elements, it can only make new rules about existing content (see [Profiling Resources](http://hl7.org/fhir/uv/crmi/STU1/profiling.html#resources)).","","","","","","","","",,"required","How a type relates to its baseDefinition.","http://hl7.org/fhir/ValueSet/type-derivation-rule|4.0.1","",,,,"StructureDefinition.derivation",0,1,"","ele-1:All FHIR elements must have a @value or children {hasValue() or (children().count() > id.count())}
"
"StructureDefinition.snapshot","StructureDefinition.snapshot","","","",0,1,"","","","BackboneElement {[]} {[]}
","Snapshot view of the structure","A snapshot view is expressed in a standalone form that can be used and interpreted without considering the base StructureDefinition.","","","","","","","","","",,,,,"",,,,"StructureDefinition.snapshot",0,1,"sdf-6
","ele-1:All FHIR elements must have a @value or children {hasValue() or (children().count() > id.count())}
sdf-3:Each element definition in a snapshot must have a formal definition and cardinalities {element.all(definition.exists() and min.exists() and max.exists())}sdf-8:All snapshot elements must start with the StructureDefinition's specified type for non-logical models, or with the same type name for logical models {(%resource.kind = 'logical' or element.first().path = %resource.type) and element.tail().all(path.startsWith(%resource.snapshot.element.first().path&'.'))}sdf-8b:All snapshot elements must have a base definition {element.all(base.exists())}"
"StructureDefinition.snapshot.id","StructureDefinition.snapshot.id","","","",0,1,"","","","string {[]} {[]}
","Unique id for inter-element referencing","Unique id for the element within a resource (for internal references). This may be any string value that does not contain spaces.","","","","","","","","","",,,,,"",,,,"Element.id",0,1,"","","n/a"
"StructureDefinition.snapshot.extension","StructureDefinition.snapshot.extension","","extensions
user content","",0,*,"","","","Extension {[]} {[]}
","Additional content defined by implementations","May be used to represent additional information that is not part of the basic definition of the element. To make the use of extensions safe and manageable, there is a strict set of governance  applied to the definition and use of extensions. Though any implementer can define an extension, there is a set of requirements that SHALL be met as part of the definition of the extension.","There can be no stigma associated with the use of extensions by any application, project, or standard - regardless of the institution or jurisdiction that uses or defines the extensions.  The use of extensions is what allows the FHIR specification to retain a core level of simplicity for everyone.","","","","","","","","",,,,,"",,,,"Element.extension",0,*,"","ele-1:All FHIR elements must have a @value or children {hasValue() or (children().count() > id.count())}
ext-1:Must have either extensions or value[x], not both {extension.exists() != value.exists()}","n/a"
"StructureDefinition.snapshot.modifierExtension","StructureDefinition.snapshot.modifierExtension","","extensions
user contentmodifiers","",0,*,"","Y","Y","Extension {[]} {[]}
","Extensions that cannot be ignored even if unrecognized","May be used to represent additional information that is not part of the basic definition of the element and that modifies the understanding of the element in which it is contained and/or the understanding of the containing element's descendants. Usually modifier elements provide negation or qualification. To make the use of extensions safe and manageable, there is a strict set of governance applied to the definition and use of extensions. Though any implementer can define an extension, there is a set of requirements that SHALL be met as part of the definition of the extension. Applications processing a resource are required to check for modifier extensions.

Modifier extensions SHALL NOT change the meaning of any elements on Resource or DomainResource (including cannot change the meaning of modifierExtension itself).","There can be no stigma associated with the use of extensions by any application, project, or standard - regardless of the institution or jurisdiction that uses or defines the extensions.  The use of extensions is what allows the FHIR specification to retain a core level of simplicity for everyone.","Modifier extensions allow for extensions that *cannot* be safely ignored to be clearly distinguished from the vast majority of extensions which can be safely ignored.  This promotes interoperability by eliminating the need for implementers to prohibit the presence of extensions. For further information, see the [definition of modifier extensions](http://hl7.org/fhir/R4/extensibility.html#modifierExtension).","","","","","","","",,,,,"",,,,"BackboneElement.modifierExtension",0,*,"","ele-1:All FHIR elements must have a @value or children {hasValue() or (children().count() > id.count())}
ext-1:Must have either extensions or value[x], not both {extension.exists() != value.exists()}","N/A"
"StructureDefinition.snapshot.element","StructureDefinition.snapshot.element","","","",1,*,"","","","ElementDefinition {[]} {[]}
","Definition of elements in the resource (if no StructureDefinition)","Captures constraints on each element within the resource.","","","","","","","","","",,,,,"",,,,"StructureDefinition.snapshot.element",1,*,"sdf-3
","ele-1:All FHIR elements must have a @value or children {hasValue() or (children().count() > id.count())}
sdf-10:provide either a binding reference or a description (or both) {binding.empty() or binding.valueSet.exists() or binding.description.exists()}","--"
"StructureDefinition.differential","StructureDefinition.differential","","","",0,1,"","","","BackboneElement {[]} {[]}
","Differential view of the structure","A differential view is expressed relative to the base StructureDefinition - a statement of differences that it applies.","","","","","","","","","",,,,,"",,,,"StructureDefinition.differential",0,1,"sdf-6
","ele-1:All FHIR elements must have a @value or children {hasValue() or (children().count() > id.count())}
sdf-20:No slicing on the root element {element.where(path.contains('.').not()).slicing.empty()}sdf-8a:In any differential, all the elements must start with the StructureDefinition's specified type for non-logical models, or with the same type name for logical models {(%resource.kind = 'logical' or element.first().path.startsWith(%resource.type)) and (element.tail().empty() or element.tail().all(path.startsWith(%resource.differential.element.first().path.replaceMatches('\\..*','')&'.')))}"
"StructureDefinition.differential.id","StructureDefinition.differential.id","","","",0,1,"","","","string {[]} {[]}
","Unique id for inter-element referencing","Unique id for the element within a resource (for internal references). This may be any string value that does not contain spaces.","","","","","","","","","",,,,,"",,,,"Element.id",0,1,"","","n/a"
"StructureDefinition.differential.extension","StructureDefinition.differential.extension","","extensions
user content","",0,*,"","","","Extension {[]} {[]}
","Additional content defined by implementations","May be used to represent additional information that is not part of the basic definition of the element. To make the use of extensions safe and manageable, there is a strict set of governance  applied to the definition and use of extensions. Though any implementer can define an extension, there is a set of requirements that SHALL be met as part of the definition of the extension.","There can be no stigma associated with the use of extensions by any application, project, or standard - regardless of the institution or jurisdiction that uses or defines the extensions.  The use of extensions is what allows the FHIR specification to retain a core level of simplicity for everyone.","","","","","","","","",,,,,"",,,,"Element.extension",0,*,"","ele-1:All FHIR elements must have a @value or children {hasValue() or (children().count() > id.count())}
ext-1:Must have either extensions or value[x], not both {extension.exists() != value.exists()}","n/a"
"StructureDefinition.differential.modifierExtension","StructureDefinition.differential.modifierExtension","","extensions
user contentmodifiers","",0,*,"","Y","Y","Extension {[]} {[]}
","Extensions that cannot be ignored even if unrecognized","May be used to represent additional information that is not part of the basic definition of the element and that modifies the understanding of the element in which it is contained and/or the understanding of the containing element's descendants. Usually modifier elements provide negation or qualification. To make the use of extensions safe and manageable, there is a strict set of governance applied to the definition and use of extensions. Though any implementer can define an extension, there is a set of requirements that SHALL be met as part of the definition of the extension. Applications processing a resource are required to check for modifier extensions.

Modifier extensions SHALL NOT change the meaning of any elements on Resource or DomainResource (including cannot change the meaning of modifierExtension itself).","There can be no stigma associated with the use of extensions by any application, project, or standard - regardless of the institution or jurisdiction that uses or defines the extensions.  The use of extensions is what allows the FHIR specification to retain a core level of simplicity for everyone.","Modifier extensions allow for extensions that *cannot* be safely ignored to be clearly distinguished from the vast majority of extensions which can be safely ignored.  This promotes interoperability by eliminating the need for implementers to prohibit the presence of extensions. For further information, see the [definition of modifier extensions](http://hl7.org/fhir/R4/extensibility.html#modifierExtension).","","","","","","","",,,,,"",,,,"BackboneElement.modifierExtension",0,*,"","ele-1:All FHIR elements must have a @value or children {hasValue() or (children().count() > id.count())}
ext-1:Must have either extensions or value[x], not both {extension.exists() != value.exists()}","N/A"
"StructureDefinition.differential.element","StructureDefinition.differential.element","","","",1,*,"","","","ElementDefinition {[]} {[]}
","Definition of elements in the resource (if no StructureDefinition)","Captures constraints on each element within the resource.","","","","","","","","","",,,,,"",,,,"StructureDefinition.differential.element",1,*,"","ele-1:All FHIR elements must have a @value or children {hasValue() or (children().count() > id.count())}
","--"
